order_id,customer_id,good_id,quantity
1,53,592,5
2,54,530,1
2,54,530,4
2,54,918,8
2,54,816,3
2,54,816,6
2,54,377,2
2,54,625,10
2,54,321,7
2,54,471,5
2,54,774,4
3,42,494,4
3,42,525,6
3,42,929,9
3,42,394,8
3,42,383,1
3,42,343,5
3,42,928,5
3,42,182,6
3,42,11,1
3,42,636,8
4,7,596,7
5,60,130,9
5,60,820,8
6,13,804,1
6,13,588,2
7,51,40,2
7,51,436,2
7,51,836,4
7,51,206,7
7,51,462,4
7,51,994,8
7,51,824,1
7,51,692,6
7,51,541,4
8,90,123,9
8,90,26,7
8,90,431,7
8,90,264,6
8,90,16,7
9,78,229,1
9,78,862,3
9,78,996,3
9,78,978,5
9,78,377,3
10,18,839,2
10,18,60,1
10,18,167,10
10,18,581,5
11,2,128,5
11,2,559,4
11,2,873,3
12,47,993,2
12,47,679,1
12,47,650,10
12,47,190,8
12,47,37,4
12,47,590,2
12,47,613,3
12,47,862,3
12,47,780,7
13,89,197,3
13,89,895,9
13,89,253,7
13,89,482,7
13,89,546,6
14,46,448,4
15,5,9,2
15,5,180,9
15,5,13,6
15,5,626,9
15,5,740,10
15,5,469,7
15,5,137,4
16,13,642,5
16,13,496,6
16,13,648,2
16,13,553,6
16,13,936,1
16,13,441,10
16,13,875,3
16,13,861,5
16,13,71,2
17,17,98,8
18,27,95,3
18,27,499,4
18,27,600,5
18,27,114,2
18,27,468,9
19,15,534,5
19,15,426,7
19,15,754,7
19,15,907,3
20,11,734,6
20,11,291,6
20,11,267,1
20,11,731,6
20,11,70,4
21,9,410,1
21,9,149,1
21,9,699,2
21,9,736,4
22,69,473,6
22,69,160,2
22,69,260,5
22,69,563,6
22,69,772,4
22,69,606,8
22,69,132,5
23,24,738,1
23,24,997,3
23,24,472,3
23,24,138,2
23,24,197,5
24,4,379,2
24,4,793,5
24,4,166,7
24,4,260,10
24,4,988,6
24,4,520,2
24,4,314,9
24,4,367,6
24,4,593,10
25,53,267,1
25,53,84,9
25,53,606,10
25,53,131,4
25,53,245,7
25,53,685,10
25,53,725,6
25,53,416,10
26,3,852,8
27,35,588,3
27,35,114,3
27,35,556,10
27,35,616,2
27,35,164,3
27,35,227,2
27,35,774,2
27,35,484,7
27,35,796,5
27,35,799,2
28,92,889,7
28,92,68,9
28,92,837,2
28,92,749,10
28,92,19,2
28,92,362,10
28,92,856,1
28,92,600,4
28,92,775,1
28,92,716,5
29,14,688,5
29,14,637,6
30,72,110,6
30,72,525,2
30,72,660,1
30,72,861,8
30,72,851,10
30,72,499,9
30,72,113,6
31,55,917,5
31,55,72,6
31,55,387,1
31,55,179,10
31,55,960,4
31,55,617,3
31,55,344,5
31,55,835,2
31,55,626,4
31,55,430,7
32,45,415,3
32,45,797,7
32,45,641,3
32,45,830,6
32,45,410,5
32,45,767,7
33,5,782,3
33,5,521,1
34,16,832,5
34,16,239,10
34,16,963,6
34,16,966,6
34,16,759,7
34,16,533,2
34,16,533,6
34,16,403,9
34,16,239,6
35,78,390,8
35,78,234,1
35,78,712,6
35,78,94,4
35,78,927,4
35,78,230,2
36,40,405,4
36,40,589,5
36,40,152,10
36,40,582,10
36,40,880,3
36,40,317,6
36,40,348,2
37,60,267,1
37,60,596,1
37,60,674,6
37,60,449,4
37,60,761,4
38,71,532,4
38,71,293,4
38,71,416,10
38,71,879,3
38,71,794,2
38,71,656,10
38,71,475,1
38,71,452,9
39,57,2,2
39,57,460,2
39,57,268,7
39,57,297,4
39,57,481,5
39,57,671,2
40,22,330,5
41,14,373,6
42,21,923,3
42,21,426,10
42,21,775,6
43,25,837,8
43,25,293,8
43,25,464,6
43,25,991,10
43,25,761,3
43,25,134,9
43,25,147,4
43,25,238,2
44,14,877,9
44,14,874,3
44,14,409,1
44,14,334,9
44,14,304,10
44,14,810,6
44,14,247,4
44,14,379,2
44,14,110,2
45,97,926,7
45,97,438,3
45,97,776,1
45,97,374,6
45,97,215,9
45,97,657,10
45,97,33,1
46,66,387,1
47,84,716,10
47,84,715,7
47,84,241,7
48,16,623,4
48,16,574,10
48,16,90,3
49,49,207,7
49,49,446,4
49,49,127,4
50,3,685,7
50,3,56,8
50,3,679,4
50,3,994,6
50,3,842,9
50,3,661,3
50,3,178,3
50,3,359,1
51,6,25,8
51,6,601,6
51,6,96,4
51,6,318,1
51,6,869,8
52,59,580,7
52,59,853,9
52,59,628,3
52,59,614,3
53,65,104,7
53,65,858,1
54,37,163,7
54,37,618,7
54,37,246,6
55,42,54,7
55,42,89,4
55,42,339,6
55,42,29,3
55,42,918,7
55,42,731,1
55,42,915,6
56,9,955,8
56,9,295,10
56,9,39,7
56,9,135,1
56,9,413,7
56,9,661,6
56,9,428,4
56,9,633,6
56,9,161,5
57,9,897,5
57,9,960,4
57,9,320,3
57,9,667,1
57,9,864,8
57,9,722,6
57,9,47,2
57,9,893,3
58,85,398,5
59,88,446,9
59,88,794,7
59,88,800,10
59,88,244,9
59,88,510,9
60,20,221,1
61,73,575,5
61,73,334,4
61,73,767,10
61,73,390,1
61,73,459,9
61,73,914,9
61,73,565,6
61,73,552,5
61,73,753,5
62,46,810,8
62,46,23,7
62,46,475,4
62,46,894,5
62,46,672,4
62,46,383,8
62,46,605,10
62,46,609,2
62,46,399,4
62,46,663,3
63,1,622,5
63,1,414,7
63,1,933,1
63,1,876,3
63,1,767,2
63,1,472,8
63,1,949,4
63,1,483,1
64,1,474,1
64,1,417,1
64,1,439,2
64,1,823,8
64,1,180,5
64,1,349,5
64,1,449,1
64,1,229,2
64,1,325,8
65,20,261,3
65,20,59,7
65,20,437,6
65,20,849,4
65,20,875,7
65,20,469,5
65,20,4,2
65,20,113,8
66,53,163,1
66,53,411,10
66,53,801,9
67,26,936,9
67,26,133,6
67,26,977,8
67,26,394,8
67,26,95,4
68,30,407,1
68,30,493,4
68,30,679,2
68,30,281,4
68,30,303,8
68,30,680,7
68,30,218,10
69,70,924,9
69,70,501,9
69,70,270,1
69,70,287,5
69,70,547,9
69,70,408,4
69,70,723,4
69,70,124,4
70,56,920,8
70,56,466,10
70,56,816,8
70,56,193,7
70,56,174,9
70,56,868,9
70,56,422,9
70,56,193,6
71,11,851,3
71,11,151,4
72,98,365,2
72,98,426,10
73,48,581,8
73,48,127,6
73,48,594,4
73,48,708,9
73,48,275,6
73,48,295,8
73,48,35,9
74,11,278,4
74,11,777,1
74,11,733,1
74,11,399,5
74,11,309,5
75,75,963,5
75,75,884,5
75,75,267,3
75,75,442,5
75,75,979,6
75,75,895,10
75,75,787,4
75,75,513,1
75,75,131,1
75,75,749,9
76,90,306,10
77,77,744,8
77,77,942,10
77,77,106,3
77,77,740,6
78,71,308,2
78,71,518,4
78,71,125,10
78,71,340,3
78,71,65,6
79,27,647,4
79,27,727,3
79,27,390,10
79,27,315,4
79,27,84,8
79,27,539,8
79,27,428,1
79,27,487,4
79,27,743,9
79,27,960,7
80,22,608,10
81,27,224,8
81,27,356,6
81,27,53,5
81,27,803,10
81,27,135,1
81,27,253,8
82,43,987,3
82,43,965,5
82,43,920,4
82,43,623,10
82,43,863,9
82,43,149,2
82,43,837,10
83,73,915,4
83,73,948,3
83,73,916,5
83,73,795,1
83,73,678,3
83,73,976,1
83,73,791,7
83,73,929,6
83,73,513,7
84,55,909,6
85,37,350,7
85,37,388,3
85,37,216,1
85,37,709,9
85,37,511,3
85,37,473,8
86,84,810,6
86,84,496,8
86,84,968,2
86,84,256,6
86,84,897,10
86,84,479,10
86,84,266,5
87,63,915,10
87,63,937,8
87,63,346,9
87,63,69,1
87,63,512,3
88,88,507,5
88,88,104,6
88,88,822,2
89,57,279,1
89,57,384,10
89,57,602,4
89,57,860,1
89,57,42,1
89,57,323,5
90,8,376,7
90,8,860,7
90,8,676,2
90,8,106,6
90,8,720,1
90,8,429,4
90,8,712,1
90,8,675,3
90,8,25,4
91,63,690,1
91,63,369,7
91,63,869,6
91,63,161,7
91,63,808,4
92,95,490,6
93,92,984,5
93,92,315,10
93,92,125,1
93,92,583,5
93,92,228,2
93,92,889,7
93,92,791,2
93,92,509,4
94,97,258,5
94,97,960,6
94,97,205,8
94,97,335,6
94,97,398,7
94,97,22,9
95,75,41,5
95,75,55,3
95,75,843,5
96,41,706,5
96,41,400,7
96,41,344,1
96,41,491,1
96,41,496,9
96,41,439,8
96,41,564,1
97,80,813,6
97,80,932,6
97,80,850,8
97,80,137,4
97,80,330,2
97,80,582,1
97,80,206,6
98,41,655,9
98,41,644,2
99,30,97,1
99,30,202,1
99,30,465,5
99,30,561,3
99,30,974,1
99,30,246,2
99,30,898,8
99,30,568,10
99,30,750,1
100,74,291,4
100,74,422,7
100,74,318,5
101,78,994,10
101,78,241,4
101,78,581,4
101,78,639,9
101,78,885,8
102,94,501,7
102,94,990,6
102,94,314,9
102,94,328,2
102,94,266,2
102,94,645,1
102,94,862,9
103,26,777,8
103,26,180,10
103,26,311,2
103,26,432,6
103,26,388,6
103,26,236,4
103,26,447,2
104,38,111,6
104,38,547,2
104,38,557,9
104,38,126,10
104,38,650,3
105,16,99,10
106,25,970,9
106,25,748,3
106,25,129,5
106,25,510,3
106,25,318,5
106,25,375,2
106,25,254,10
106,25,664,3
107,24,432,5
107,24,312,3
107,24,70,8
107,24,720,3
107,24,811,8
107,24,57,9
108,62,560,7
108,62,464,6
108,62,484,1
108,62,78,3
108,62,538,8
109,100,675,7
109,100,455,2
110,73,360,2
110,73,787,9
110,73,229,5
110,73,481,5
110,73,279,5
110,73,100,3
111,22,867,4
111,22,905,3
111,22,869,7
111,22,492,9
111,22,939,9
111,22,844,6
111,22,154,3
111,22,267,1
111,22,296,8
111,22,271,10
112,63,258,6
113,24,98,3
113,24,291,10
113,24,418,4
113,24,234,3
113,24,83,2
114,21,849,4
114,21,314,4
114,21,797,4
114,21,988,10
114,21,360,10
114,21,926,6
114,21,118,5
115,22,465,7
115,22,697,8
115,22,969,3
116,38,738,3
116,38,123,5
116,38,512,10
116,38,661,1
116,38,325,4
116,38,747,6
116,38,445,8
116,38,690,6
116,38,889,2
117,49,617,7
117,49,139,8
117,49,848,3
117,49,155,8
117,49,128,8
117,49,806,8
117,49,495,4
118,41,524,3
119,44,8,4
119,44,218,4
119,44,187,7
119,44,45,2
119,44,305,8
119,44,963,6
119,44,2,9
119,44,530,6
119,44,79,10
119,44,938,8
120,53,210,9
121,38,977,1
121,38,346,4
121,38,404,3
121,38,334,6
121,38,442,4
121,38,899,8
121,38,576,2
121,38,260,5
121,38,77,1
121,38,102,10
122,70,289,1
122,70,266,8
122,70,812,9
122,70,288,10
122,70,232,3
122,70,94,2
122,70,279,5
123,99,738,1
124,89,257,10
124,89,217,2
124,89,463,7
124,89,287,7
124,89,582,5
125,81,772,8
126,16,583,6
127,64,849,8
127,64,778,5
127,64,987,7
127,64,331,3
128,56,827,7
128,56,653,5
128,56,377,3
128,56,225,1
128,56,982,8
128,56,901,7
128,56,28,4
128,56,959,8
129,66,506,3
129,66,643,8
129,66,457,9
129,66,762,5
129,66,938,4
130,15,949,6
130,15,666,1
130,15,90,1
130,15,701,6
130,15,503,7
130,15,727,1
130,15,695,10
130,15,170,8
130,15,595,1
131,19,983,1
131,19,126,9
131,19,301,6
131,19,950,8
131,19,505,6
131,19,336,3
131,19,119,3
132,34,775,4
133,25,21,5
133,25,600,4
133,25,458,1
133,25,688,2
134,58,102,8
134,58,558,6
134,58,912,2
134,58,358,7
134,58,504,9
134,58,548,9
135,65,119,9
135,65,911,2
135,65,98,6
135,65,540,10
135,65,321,4
135,65,638,8
135,65,873,5
135,65,849,9
135,65,825,10
135,65,786,2
136,36,732,6
136,36,300,10
136,36,324,10
136,36,403,6
136,36,69,7
136,36,725,7
136,36,46,6
137,72,14,3
138,46,336,6
138,46,225,1
138,46,143,1
138,46,996,8
139,68,769,8
139,68,470,5
139,68,908,2
140,94,385,7
140,94,532,1
141,92,577,2
141,92,868,10
141,92,213,1
141,92,225,7
142,10,760,4
142,10,936,3
142,10,945,9
142,10,937,4
142,10,292,1
142,10,438,5
142,10,595,7
142,10,163,6
142,10,531,1
143,74,138,9
143,74,635,7
143,74,774,5
143,74,972,6
143,74,955,9
144,31,583,5
144,31,2,1
145,13,278,8
145,13,984,6
145,13,244,6
146,61,906,4
146,61,366,5
147,39,479,4
147,39,985,7
148,39,102,3
148,39,814,1
148,39,426,8
148,39,154,2
148,39,377,7
148,39,742,8
148,39,768,9
148,39,142,9
149,67,831,10
149,67,378,2
149,67,628,6
150,46,161,5
150,46,114,10
150,46,66,8
150,46,993,1
150,46,572,10
150,46,675,9
150,46,379,4
150,46,928,7
151,68,105,6
151,68,748,5
151,68,731,1
151,68,638,5
151,68,316,2
151,68,818,3
152,74,149,8
152,74,528,5
152,74,668,7
153,95,622,1
153,95,700,4
153,95,40,4
153,95,925,7
153,95,284,9
153,95,455,5
153,95,77,9
153,95,587,3
154,5,336,1
154,5,978,10
154,5,212,3
154,5,443,1
154,5,482,4
155,81,314,10
155,81,532,3
155,81,299,3
155,81,254,9
156,67,911,6
156,67,680,9
156,67,587,4
156,67,946,5
156,67,39,2
156,67,441,3
156,67,981,4
157,1,422,1
157,1,799,6
158,73,546,2
158,73,812,3
158,73,81,9
159,2,538,8
159,2,553,2
159,2,252,5
160,86,583,4
160,86,582,6
160,86,427,10
160,86,425,8
160,86,962,4
160,86,896,6
160,86,473,1
160,86,683,4
160,86,275,10
161,83,341,9
161,83,963,1
161,83,926,4
161,83,577,6
161,83,611,1
161,83,917,2
161,83,194,10
161,83,190,9
161,83,448,1
161,83,280,7
162,35,202,8
162,35,908,8
162,35,243,6
163,63,335,9
163,63,320,6
163,63,565,4
163,63,338,2
163,63,374,1
163,63,366,6
163,63,499,2
163,63,921,6
163,63,639,3
163,63,521,9
164,84,849,8
164,84,917,3
164,84,636,6
164,84,467,5
164,84,433,5
165,37,629,5
165,37,326,5
165,37,763,1
165,37,627,5
165,37,57,8
166,85,286,2
167,96,457,9
167,96,588,2
167,96,430,10
167,96,806,7
167,96,834,8
167,96,182,4
167,96,374,2
167,96,401,9
168,48,655,5
168,48,835,1
168,48,480,2
168,48,788,8
168,48,145,4
169,21,693,3
169,21,242,5
169,21,783,2
170,14,645,8
170,14,714,2
170,14,231,6
170,14,908,9
171,58,371,8
171,58,801,7
171,58,567,3
172,94,619,6
172,94,537,5
172,94,663,10
172,94,212,9
172,94,544,1
172,94,940,9
173,68,532,9
173,68,792,6
173,68,823,6
173,68,717,2
173,68,922,9
173,68,418,1
173,68,676,6
174,73,421,2
174,73,358,8
174,73,942,10
174,73,36,6
174,73,744,2
174,73,471,8
174,73,837,5
174,73,949,4
174,73,659,3
175,80,205,10
175,80,236,6
175,80,633,7
176,51,580,3
176,51,987,1
176,51,486,3
176,51,915,3
177,98,71,5
177,98,273,9
177,98,48,9
177,98,130,1
177,98,109,3
178,45,226,4
178,45,737,7
178,45,351,2
178,45,202,1
178,45,165,7
178,45,772,10
178,45,470,3
178,45,426,2
178,45,168,4
179,24,873,6
179,24,146,4
179,24,675,8
179,24,16,4
179,24,765,7
180,42,768,5
180,42,201,3
180,42,237,5
180,42,538,3
180,42,937,10
181,85,298,10
181,85,310,5
182,18,637,8
182,18,160,5
182,18,245,3
183,69,829,9
183,69,295,6
183,69,220,6
183,69,695,10
184,49,335,1
184,49,325,7
184,49,420,1
184,49,823,6
184,49,470,1
184,49,2,8
184,49,863,9
185,85,394,5
185,85,813,4
185,85,380,6
186,7,87,6
186,7,498,8
186,7,510,5
186,7,740,4
186,7,989,1
186,7,55,6
186,7,606,3
186,7,778,8
187,86,479,6
187,86,36,6
187,86,42,8
187,86,464,1
187,86,544,2
187,86,259,10
187,86,920,3
187,86,266,3
187,86,901,6
188,44,679,10
188,44,712,9
188,44,775,7
188,44,707,8
188,44,889,7
188,44,168,2
188,44,878,2
189,74,362,7
189,74,45,1
189,74,832,5
189,74,783,3
189,74,615,4
189,74,416,9
189,74,846,9
190,43,751,10
190,43,572,1
190,43,522,7
190,43,886,10
190,43,644,2
190,43,198,9
190,43,771,7
191,67,142,2
191,67,522,7
191,67,549,9
191,67,398,2
191,67,453,1
191,67,707,3
191,67,201,10
191,67,468,1
191,67,643,4
191,67,226,9
192,30,65,8
192,30,367,3
193,72,419,3
193,72,743,4
194,17,142,1
194,17,681,9
194,17,378,2
194,17,123,2
194,17,576,1
194,17,56,2
194,17,210,2
194,17,266,7
195,54,204,2
196,61,266,1
196,61,735,5
196,61,269,9
196,61,108,8
196,61,898,3
196,61,428,8
196,61,722,2
196,61,320,4
197,22,972,10
197,22,243,3
197,22,453,1
197,22,209,1
197,22,647,2
198,10,693,1
198,10,432,8
199,85,687,4
199,85,730,6
200,64,682,7
201,91,632,4
201,91,872,1
201,91,434,4
201,91,735,5
201,91,769,6
201,91,992,8
201,91,297,9
202,39,754,7
202,39,463,3
203,13,864,6
203,13,354,7
204,38,419,7
204,38,572,9
204,38,658,7
204,38,587,9
205,76,368,2
205,76,263,1
205,76,880,7
206,3,259,9
206,3,760,5
206,3,673,7
206,3,809,3
206,3,7,5
207,89,440,4
207,89,283,7
208,32,261,2
208,32,975,4
208,32,745,10
209,61,167,4
209,61,459,6
209,61,263,9
209,61,833,4
209,61,475,6
209,61,746,6
209,61,138,2
209,61,298,4
209,61,973,6
210,5,332,10
210,5,73,7
210,5,510,4
210,5,184,8
210,5,970,4
210,5,292,8
210,5,232,2
210,5,18,10
211,90,647,1
211,90,641,2
211,90,925,3
211,90,354,8
211,90,808,3
211,90,632,8
212,39,556,9
212,39,268,2
212,39,337,5
212,39,909,8
212,39,14,8
213,16,510,1
214,39,93,10
214,39,907,9
214,39,201,7
214,39,64,5
214,39,907,1
214,39,413,8
214,39,171,7
214,39,614,8
215,62,414,6
215,62,659,1
215,62,302,2
215,62,504,5
216,48,87,8
216,48,868,2
216,48,595,4
216,48,773,1
216,48,206,3
216,48,600,10
216,48,275,5
216,48,973,10
216,48,933,8
216,48,866,5
217,95,201,8
218,61,654,5
218,61,231,1
218,61,156,2
218,61,699,7
218,61,347,1
218,61,565,7
218,61,934,7
218,61,921,3
218,61,229,6
219,80,935,8
219,80,218,5
219,80,112,3
219,80,465,6
219,80,366,5
219,80,899,4
219,80,222,2
219,80,385,8
219,80,346,1
220,54,151,3
220,54,106,2
221,28,418,3
221,28,945,10
221,28,826,7
221,28,794,3
221,28,404,8
221,28,67,2
221,28,608,9
221,28,673,1
222,42,514,6
222,42,230,1
222,42,782,6
222,42,988,10
223,75,950,1
223,75,807,1
223,75,777,9
223,75,738,1
223,75,55,2
223,75,211,4
223,75,102,7
223,75,982,7
223,75,563,9
224,79,763,5
224,79,905,3
224,79,905,8
224,79,280,8
224,79,787,4
224,79,24,3
224,79,375,10
224,79,19,9
224,79,151,8
224,79,408,4
225,91,252,7
225,91,81,6
225,91,578,9
225,91,945,6
225,91,742,3
225,91,823,4
225,91,607,10
226,1,511,10
226,1,674,10
226,1,454,8
226,1,554,10
226,1,650,10
227,81,885,2
227,81,954,5
227,81,433,6
227,81,208,7
227,81,681,10
228,88,153,1
228,88,552,8
228,88,675,9
229,52,580,9
230,48,316,1
230,48,593,6
230,48,9,9
230,48,962,7
230,48,364,4
230,48,230,1
231,19,277,9
232,28,431,6
232,28,556,6
232,28,922,7
232,28,137,8
232,28,386,2
232,28,137,4
232,28,12,4
232,28,691,2
233,60,909,5
233,60,517,10
233,60,685,1
233,60,673,10
233,60,627,8
233,60,637,10
234,98,682,4
234,98,166,5
234,98,469,2
234,98,416,3
234,98,358,3
234,98,170,9
234,98,601,2
234,98,516,8
235,52,890,8
235,52,436,10
235,52,710,9
235,52,9,8
236,15,165,1
236,15,383,9
236,15,232,10
236,15,879,6
236,15,5,1
236,15,993,5
236,15,973,6
236,15,685,9
237,5,14,1
237,5,512,10
237,5,46,1
237,5,194,6
238,66,232,8
238,66,709,6
238,66,143,1
238,66,685,4
238,66,464,5
238,66,383,2
238,66,860,5
239,23,989,1
239,23,420,5
239,23,781,5
239,23,272,8
239,23,935,7
240,17,211,8
240,17,251,5
240,17,734,6
240,17,481,1
240,17,332,5
240,17,194,2
240,17,65,4
240,17,213,6
240,17,840,7
241,71,391,7
241,71,339,3
241,71,492,6
241,71,428,5
241,71,180,7
242,20,377,3
242,20,374,3
243,32,465,6
243,32,287,3
243,32,178,3
243,32,341,7
243,32,826,4
243,32,856,4
244,84,291,2
244,84,554,7
245,95,355,9
245,95,234,5
245,95,257,4
245,95,946,4
245,95,460,1
245,95,240,4
245,95,631,8
246,31,194,3
246,31,362,8
247,80,286,1
247,80,991,6
247,80,652,2
247,80,448,9
247,80,207,3
248,20,919,8
248,20,59,1
248,20,365,9
249,79,413,3
249,79,709,10
249,79,209,4
249,79,44,8
249,79,719,6
249,79,100,5
250,4,137,6
250,4,419,2
250,4,724,3
250,4,212,3
250,4,41,3
250,4,667,8
250,4,737,1
251,96,725,1
252,4,876,1
252,4,555,4
252,4,430,7
252,4,348,1
252,4,744,3
252,4,346,3
252,4,196,10
253,22,762,6
253,22,344,2
253,22,275,1
253,22,237,8
253,22,75,5
254,68,903,8
254,68,139,8
254,68,92,6
254,68,483,4
254,68,783,10
254,68,990,10
254,68,509,9
254,68,734,10
254,68,609,10
255,8,226,10
255,8,663,7
255,8,766,9
255,8,295,9
256,52,143,6
256,52,76,4
256,52,612,3
256,52,38,3
257,34,974,6
257,34,328,10
257,34,406,7
257,34,40,3
257,34,996,1
257,34,524,9
258,88,981,8
258,88,78,7
258,88,894,9
259,58,297,6
259,58,576,2
259,58,483,1
259,58,545,5
259,58,649,8
260,26,42,10
260,26,502,8
260,26,707,5
260,26,221,10
260,26,141,4
260,26,580,6
260,26,885,8
260,26,239,2
260,26,933,4
261,26,506,10
261,26,612,5
261,26,777,9
261,26,894,3
261,26,763,9
262,77,753,10
262,77,44,3
262,77,450,7
262,77,844,8
262,77,108,10
262,77,329,2
263,54,808,3
263,54,346,2
263,54,232,3
263,54,507,10
263,54,795,7
263,54,200,10
263,54,320,4
263,54,469,9
263,54,861,5
263,54,898,6
264,8,530,3
264,8,815,6
264,8,56,8
264,8,736,4
264,8,55,6
264,8,415,10
265,90,464,1
265,90,721,9
265,90,793,4
265,90,475,5
265,90,817,2
265,90,572,9
265,90,72,2
265,90,303,2
265,90,889,4
265,90,384,9
266,27,84,6
266,27,540,7
266,27,536,6
266,27,474,7
266,27,462,7
266,27,541,5
266,27,298,7
267,58,114,4
268,70,516,10
268,70,69,7
268,70,835,1
268,70,630,3
268,70,934,2
269,69,882,4
269,69,389,1
269,69,349,3
269,69,66,5
269,69,293,7
269,69,892,9
270,66,124,2
270,66,315,7
270,66,212,8
270,66,19,5
270,66,427,1
270,66,426,10
270,66,986,10
270,66,634,7
271,61,800,8
271,61,593,2
271,61,88,7
272,21,530,3
272,21,233,5
272,21,448,3
272,21,117,5
272,21,614,9
272,21,83,10
272,21,953,8
273,58,128,3
273,58,133,5
273,58,859,1
274,75,796,5
274,75,186,7
274,75,634,9
274,75,657,1
274,75,352,2
274,75,225,3
274,75,721,6
275,6,955,2
275,6,283,1
275,6,233,1
275,6,497,1
275,6,596,3
275,6,229,8
275,6,441,2
276,40,781,9
277,75,555,9
277,75,287,6
277,75,283,1
277,75,135,1
278,74,862,8
278,74,624,6
278,74,23,8
278,74,417,9
278,74,582,10
278,74,804,9
278,74,949,4
278,74,719,2
278,74,188,2
279,39,44,5
279,39,728,2
279,39,759,5
279,39,724,6
279,39,749,10
279,39,247,8
279,39,789,3
279,39,997,6
279,39,153,10
279,39,309,10
280,4,362,5
280,4,850,5
280,4,141,1
280,4,357,2
280,4,458,5
280,4,123,8
280,4,246,5
280,4,756,3
281,7,794,1
281,7,393,10
282,8,791,6
283,68,484,5
283,68,569,8
284,21,382,10
284,21,38,7
284,21,252,3
284,21,369,2
284,21,821,1
284,21,516,6
284,21,119,6
284,21,830,3
284,21,494,2
284,21,16,3
285,99,796,8
285,99,458,2
285,99,893,4
285,99,575,3
285,99,480,2
285,99,130,10
285,99,547,9
285,99,653,9
285,99,358,10
286,76,899,8
286,76,686,8
286,76,270,7
286,76,516,10
286,76,668,5
286,76,838,9
287,92,791,2
287,92,109,9
288,76,949,7
288,76,696,10
288,76,112,9
288,76,835,5
288,76,121,1
288,76,874,6
288,76,103,5
288,76,372,4
288,76,350,1
289,100,251,6
289,100,964,5
289,100,780,5
289,100,375,4
289,100,89,10
290,48,873,6
291,25,298,8
291,25,130,2
291,25,634,8
291,25,701,1
291,25,848,10
291,25,982,2
291,25,104,2
291,25,542,7
292,25,620,7
292,25,272,7
292,25,314,7
293,71,476,5
293,71,577,5
293,71,364,2
293,71,426,2
293,71,530,10
293,71,422,4
293,71,976,9
293,71,415,8
294,19,437,8
294,19,652,1
294,19,501,10
294,19,496,4
294,19,552,2
294,19,358,8
295,41,16,4
295,41,143,9
295,41,546,8
295,41,988,8
295,41,459,10
295,41,554,10
295,41,773,10
295,41,289,2
295,41,266,9
296,81,76,9
296,81,765,5
296,81,98,7
296,81,191,7
296,81,382,6
296,81,417,8
296,81,455,3
296,81,274,4
296,81,802,5
296,81,333,4
297,19,77,5
297,19,465,10
297,19,997,8
297,19,381,5
297,19,202,1
297,19,711,8
298,80,852,4
298,80,283,1
298,80,807,3
298,80,37,3
298,80,609,7
298,80,159,2
298,80,583,6
298,80,266,10
299,46,193,9
299,46,380,6
299,46,562,1
299,46,115,4
300,62,387,6
300,62,224,4
300,62,797,7
301,79,358,6
301,79,557,3
301,79,163,4
301,79,64,5
301,79,427,1
301,79,630,9
302,78,540,5
303,10,998,1
304,4,56,10
304,4,224,3
304,4,779,8
305,7,154,9
306,54,806,4
306,54,528,2
307,21,48,10
307,21,839,5
307,21,70,7
307,21,752,2
307,21,685,1
307,21,357,3
307,21,495,10
307,21,706,4
307,21,854,3
307,21,858,3
308,1,300,10
308,1,844,6
308,1,964,10
308,1,878,6
309,84,335,6
309,84,539,5
309,84,3,10
310,46,402,5
310,46,764,2
310,46,200,3
310,46,413,9
310,46,463,9
310,46,811,4
310,46,91,4
310,46,755,7
310,46,726,6
311,45,650,8
311,45,79,3
312,78,292,2
312,78,664,1
312,78,346,7
312,78,126,8
312,78,248,1
312,78,749,4
312,78,728,2
312,78,592,6
313,14,251,7
313,14,18,4
313,14,887,8
313,14,825,10
313,14,493,10
313,14,91,10
313,14,680,4
314,17,750,1
314,17,157,5
315,40,212,4
316,73,915,1
316,73,866,4
316,73,896,4
316,73,243,9
316,73,345,9
317,96,812,10
317,96,400,2
318,86,754,2
318,86,558,6
318,86,856,2
318,86,727,9
318,86,72,6
319,16,594,3
319,16,350,2
319,16,401,10
319,16,633,2
320,61,175,6
320,61,93,6
321,84,142,3
321,84,549,5
321,84,58,7
321,84,876,4
321,84,531,2
321,84,210,9
321,84,23,2
322,55,663,3
322,55,386,8
322,55,485,3
322,55,965,9
322,55,625,1
322,55,327,8
322,55,685,6
322,55,613,5
322,55,415,8
322,55,911,8
323,92,421,5
323,92,940,9
323,92,326,2
323,92,440,5
323,92,206,8
323,92,329,5
323,92,756,10
324,11,762,9
324,11,331,8
324,11,198,6
324,11,670,10
324,11,840,8
324,11,378,8
325,53,189,6
325,53,612,5
325,53,909,4
326,42,540,2
326,42,361,1
326,42,699,5
326,42,746,1
327,98,19,6
327,98,919,10
327,98,891,8
327,98,253,4
327,98,758,7
327,98,538,4
327,98,594,6
328,93,571,3
328,93,63,6
328,93,912,9
328,93,136,1
328,93,87,9
329,73,965,4
329,73,887,8
329,73,462,7
329,73,448,8
329,73,667,7
329,73,804,3
329,73,315,5
329,73,848,9
329,73,201,8
330,65,501,2
330,65,226,10
331,34,8,5
331,34,177,7
331,34,88,4
331,34,202,1
331,34,257,9
331,34,956,4
332,87,253,3
333,52,283,10
333,52,503,2
333,52,94,4
334,35,578,3
334,35,38,4
335,66,401,10
335,66,5,1
336,68,413,3
336,68,121,8
337,23,352,3
337,23,863,10
337,23,790,1
338,90,81,8
338,90,382,5
338,90,449,5
338,90,745,3
338,90,834,2
338,90,451,4
338,90,642,1
339,35,932,3
340,40,350,5
341,3,549,3
341,3,596,4
341,3,249,2
341,3,499,1
341,3,556,10
341,3,179,2
342,19,844,8
342,19,944,5
342,19,703,8
342,19,759,5
342,19,460,3
342,19,728,4
342,19,843,9
343,67,988,10
343,67,54,4
343,67,305,3
343,67,693,2
343,67,642,8
344,53,739,2
344,53,152,9
344,53,61,10
344,53,22,4
345,35,616,10
346,46,238,2
346,46,635,9
346,46,762,9
346,46,382,1
346,46,431,8
346,46,200,9
346,46,563,3
347,66,606,7
347,66,736,6
347,66,72,6
348,34,871,1
348,34,594,5
349,86,574,2
349,86,562,2
350,92,796,4
350,92,766,3
350,92,101,9
350,92,925,4
350,92,443,9
350,92,277,3
350,92,303,10
351,27,605,7
351,27,578,5
352,36,112,8
352,36,802,1
352,36,189,6
352,36,844,3
352,36,832,9
352,36,799,10
353,83,727,9
353,83,853,1
353,83,293,1
353,83,191,3
353,83,707,2
353,83,84,2
353,83,436,7
353,83,332,5
354,94,502,5
354,94,280,3
354,94,410,3
354,94,195,10
354,94,12,3
354,94,761,4
355,38,522,5
355,38,662,4
355,38,324,1
356,69,431,2
357,75,546,3
358,56,686,9
358,56,74,6
359,87,386,3
359,87,87,5
359,87,766,7
359,87,671,1
359,87,8,5
360,24,76,9
361,35,457,7
361,35,58,4
361,35,402,9
361,35,229,3
361,35,593,2
361,35,802,5
361,35,850,10
361,35,101,8
361,35,76,7
362,78,508,6
362,78,367,6
362,78,243,10
362,78,823,7
362,78,684,10
363,96,320,9
363,96,1000,7
363,96,581,7
363,96,25,9
363,96,452,1
363,96,674,1
364,7,665,8
364,7,826,7
364,7,593,9
364,7,667,3
365,32,49,2
365,32,989,5
365,32,252,4
365,32,692,3
366,19,586,3
366,19,101,8
366,19,401,10
366,19,877,3
366,19,591,10
366,19,495,9
366,19,147,3
366,19,741,6
367,83,639,8
367,83,861,2
367,83,503,6
367,83,107,4
367,83,89,3
367,83,444,6
367,83,660,4
367,83,531,2
367,83,120,1
368,69,367,6
368,69,573,8
369,88,776,3
369,88,727,10
369,88,406,1
369,88,754,1
369,88,113,6
369,88,501,9
370,34,260,3
370,34,677,9
370,34,751,5
370,34,282,6
370,34,449,1
370,34,720,2
370,34,581,7
370,34,960,6
370,34,785,9
371,24,8,5
371,24,657,8
371,24,765,10
371,24,693,4
371,24,683,10
371,24,560,7
371,24,451,9
371,24,435,2
371,24,641,9
372,99,321,8
372,99,649,2
372,99,448,6
372,99,322,8
373,90,628,6
373,90,928,2
373,90,217,5
373,90,594,1
373,90,902,4
373,90,395,7
373,90,479,3
373,90,399,5
374,79,218,1
374,79,965,6
375,58,258,3
375,58,741,9
375,58,782,1
375,58,321,6
375,58,236,8
375,58,861,6
375,58,461,6
375,58,132,4
376,95,302,2
376,95,633,9
376,95,372,1
376,95,571,10
376,95,927,8
376,95,761,7
376,95,972,4
376,95,361,5
376,95,925,6
376,95,8,5
377,51,784,3
377,51,158,10
377,51,463,4
377,51,65,1
377,51,73,2
377,51,158,10
377,51,912,10
377,51,980,5
378,12,787,9
378,12,179,7
378,12,822,9
378,12,565,4
378,12,916,6
379,65,146,1
379,65,47,4
379,65,436,8
379,65,382,8
379,65,114,2
380,50,233,3
380,50,723,5
380,50,960,3
380,50,345,3
380,50,64,9
380,50,86,4
381,74,421,6
381,74,101,6
381,74,994,2
381,74,369,6
381,74,127,10
381,74,508,10
381,74,511,10
381,74,86,5
381,74,902,5
382,54,495,4
383,15,263,8
383,15,542,1
384,59,997,6
384,59,287,8
384,59,15,9
384,59,304,7
384,59,188,9
384,59,558,10
385,13,953,9
385,13,89,9
386,26,442,8
386,26,26,10
386,26,288,8
386,26,129,6
386,26,398,4
386,26,565,5
386,26,6,5
386,26,953,10
386,26,274,4
387,89,792,4
387,89,495,8
387,89,328,8
387,89,979,10
387,89,62,9
387,89,820,4
387,89,429,7
387,89,764,3
387,89,816,6
387,89,780,7
388,99,23,7
388,99,80,7
389,22,150,5
389,22,746,6
389,22,486,6
389,22,505,8
389,22,308,5
390,75,485,5
390,75,849,2
390,75,554,7
391,68,833,7
391,68,489,1
391,68,712,3
392,86,293,5
392,86,635,4
392,86,614,1
392,86,283,8
392,86,919,8
392,86,538,4
392,86,178,7
393,16,600,3
393,16,35,2
393,16,370,7
393,16,241,2
394,35,934,2
394,35,996,4
394,35,165,7
394,35,769,10
394,35,987,1
394,35,726,10
394,35,284,10
394,35,897,9
394,35,787,10
394,35,393,6
395,55,174,3
395,55,120,4
395,55,522,9
395,55,330,9
395,55,189,7
395,55,726,3
395,55,738,3
395,55,315,5
395,55,171,8
396,54,888,7
396,54,408,9
396,54,498,3
396,54,401,4
396,54,806,7
396,54,501,2
396,54,426,6
397,5,62,6
397,5,857,7
398,98,274,5
398,98,990,10
399,90,744,4
399,90,995,4
399,90,902,3
399,90,826,1
399,90,566,7
399,90,539,2
399,90,15,2
399,90,850,5
400,6,147,10
400,6,81,2
400,6,220,9
400,6,658,9
400,6,199,7
400,6,764,9
400,6,935,2
400,6,139,1
401,60,235,1
401,60,60,1
401,60,671,9
401,60,608,5
401,60,906,5
401,60,705,7
401,60,514,3
401,60,997,7
401,60,339,10
402,36,259,9
402,36,48,5
403,14,17,10
403,14,49,8
403,14,866,7
403,14,505,10
403,14,162,9
403,14,118,4
403,14,881,5
403,14,888,6
403,14,15,1
404,32,842,1
404,32,149,3
404,32,309,9
404,32,996,4
405,55,862,1
405,55,224,3
405,55,948,3
406,4,563,4
406,4,555,6
407,59,660,10
407,59,960,10
407,59,53,8
407,59,638,7
407,59,81,5
407,59,279,1
407,59,831,4
407,59,987,3
407,59,762,5
408,13,457,7
408,13,848,6
408,13,471,10
408,13,876,7
409,78,503,8
409,78,957,10
409,78,515,9
409,78,13,4
409,78,106,4
409,78,430,7
409,78,489,10
409,78,106,3
409,78,105,10
409,78,363,1
410,61,402,7
410,61,308,4
411,54,475,4
412,96,882,8
413,36,264,6
413,36,204,6
413,36,356,10
413,36,448,8
414,4,12,10
414,4,91,3
414,4,766,10
415,38,327,3
415,38,94,10
415,38,706,1
415,38,632,2
415,38,400,5
415,38,331,9
416,4,814,10
416,4,404,7
416,4,753,6
416,4,358,1
416,4,429,7
416,4,289,9
416,4,705,4
416,4,794,4
417,54,565,9
417,54,339,1
417,54,68,2
417,54,337,1
417,54,17,8
417,54,519,8
417,54,103,10
418,84,300,6
418,84,282,8
418,84,209,6
418,84,310,9
418,84,560,9
418,84,16,2
418,84,49,6
419,11,750,10
419,11,193,3
419,11,744,8
419,11,965,1
419,11,540,2
419,11,684,7
419,11,473,10
419,11,742,4
419,11,945,9
420,57,110,3
420,57,525,2
420,57,5,8
420,57,473,8
420,57,780,7
421,29,238,4
422,81,479,4
422,81,756,1
422,81,901,3
422,81,817,9
422,81,152,7
422,81,866,2
422,81,667,1
423,54,587,3
423,54,940,10
423,54,313,10
423,54,497,10
423,54,449,1
423,54,333,8
423,54,873,6
423,54,307,1
423,54,257,7
424,2,783,2
424,2,878,2
425,12,898,3
425,12,998,5
425,12,98,7
425,12,953,7
425,12,889,5
425,12,694,1
425,12,183,3
426,19,770,4
427,60,533,5
427,60,627,2
427,60,146,7
427,60,54,10
428,43,253,7
429,49,893,6
429,49,214,7
429,49,714,4
429,49,514,5
429,49,547,9
429,49,429,10
429,49,199,4
429,49,832,5
429,49,170,8
429,49,501,2
430,99,877,10
430,99,660,7
430,99,773,2
430,99,875,2
430,99,147,6
430,99,414,5
430,99,273,10
431,32,552,9
431,32,80,1
431,32,746,4
431,32,465,4
431,32,104,10
431,32,781,5
431,32,867,3
431,32,609,7
432,50,566,5
432,50,713,5
432,50,694,3
433,88,631,8
433,88,167,5
434,19,632,5
434,19,263,1
435,10,2,3
435,10,978,10
435,10,153,4
435,10,568,8
435,10,895,9
435,10,747,4
435,10,802,4
436,56,731,2
436,56,895,4
436,56,328,8
436,56,942,10
436,56,22,7
436,56,207,8
436,56,632,4
437,22,520,7
437,22,23,5
438,29,751,7
439,97,499,7
439,97,127,4
440,57,634,10
440,57,613,1
441,93,263,10
441,93,142,10
441,93,812,9
441,93,488,10
441,93,986,4
441,93,275,6
441,93,756,6
442,94,255,5
443,40,493,1
443,40,577,5
443,40,559,9
443,40,939,7
443,40,775,7
443,40,576,4
443,40,16,5
443,40,783,3
444,36,84,3
445,28,445,10
445,28,376,7
445,28,580,5
445,28,73,10
445,28,929,9
445,28,92,4
446,18,350,3
446,18,782,10
446,18,944,5
446,18,766,5
446,18,468,7
446,18,457,3
447,54,677,9
447,54,781,6
447,54,618,9
447,54,403,8
447,54,532,8
447,54,256,1
447,54,833,3
447,54,823,2
447,54,356,1
447,54,871,9
448,11,686,3
448,11,350,7
448,11,33,4
448,11,132,7
448,11,312,3
449,19,65,10
449,19,724,10
449,19,153,5
449,19,255,7
449,19,753,5
450,6,992,5
450,6,55,1
450,6,963,3
450,6,41,1
450,6,559,9
450,6,850,2
451,92,52,6
451,92,939,6
451,92,846,5
451,92,739,1
451,92,349,1
451,92,953,10
452,82,470,6
452,82,278,5
452,82,431,7
452,82,781,4
452,82,234,7
452,82,760,8
452,82,227,2
452,82,770,3
452,82,902,10
452,82,784,3
453,68,572,4
453,68,348,6
453,68,195,5
453,68,901,4
453,68,512,3
453,68,146,5
454,35,470,8
454,35,881,1
454,35,543,3
454,35,366,2
454,35,300,8
455,36,724,7
455,36,836,5
455,36,924,5
456,58,74,2
456,58,985,9
456,58,165,4
456,58,158,8
456,58,519,1
457,67,747,8
457,67,89,6
457,67,88,8
458,82,165,8
458,82,564,9
458,82,963,9
458,82,575,4
458,82,699,7
458,82,422,9
458,82,386,1
459,29,441,6
459,29,482,1
459,29,604,6
459,29,746,7
459,29,313,10
459,29,106,2
459,29,29,7
459,29,101,2
459,29,306,4
460,92,186,10
460,92,68,3
460,92,109,10
460,92,63,4
460,92,477,8
461,49,191,2
461,49,814,3
461,49,483,4
461,49,507,3
462,97,747,2
462,97,99,4
462,97,629,1
462,97,271,6
463,77,296,6
463,77,43,8
464,81,139,6
464,81,97,7
464,81,934,6
464,81,377,2
464,81,308,7
465,40,959,10
465,40,36,1
465,40,555,9
466,88,103,1
466,88,804,3
466,88,796,9
467,96,208,4
467,96,753,8
467,96,845,5
467,96,717,5
467,96,694,8
468,2,167,2
468,2,492,5
468,2,461,7
468,2,779,6
468,2,269,9
468,2,217,3
469,85,344,6
469,85,656,8
469,85,563,8
469,85,242,3
469,85,685,6
469,85,892,1
469,85,339,1
470,85,875,7
470,85,378,3
470,85,515,3
470,85,375,4
470,85,327,4
470,85,984,3
470,85,751,6
470,85,113,5
471,14,56,4
471,14,899,6
471,14,232,4
471,14,168,3
471,14,180,3
471,14,173,5
471,14,589,7
471,14,443,7
472,52,123,8
472,52,683,1
472,52,879,7
472,52,241,9
472,52,92,10
472,52,717,7
472,52,65,3
472,52,661,3
473,59,434,4
473,59,409,8
473,59,785,6
473,59,915,4
473,59,302,6
473,59,78,9
474,33,55,3
474,33,696,2
474,33,299,3
474,33,749,8
474,33,496,8
475,72,325,2
475,72,786,7
475,72,555,4
475,72,288,10
475,72,691,1
475,72,620,7
475,72,933,8
475,72,362,9
476,33,632,9
476,33,26,3
476,33,958,5
476,33,168,5
476,33,709,2
476,33,430,10
476,33,833,2
476,33,702,4
476,33,484,4
476,33,304,2
477,47,552,10
477,47,85,10
477,47,18,10
477,47,85,1
477,47,508,1
477,47,771,3
477,47,310,4
477,47,75,4
477,47,545,3
477,47,347,5
478,61,986,2
478,61,970,10
479,31,90,7
479,31,593,4
480,75,90,9
480,75,113,1
480,75,620,9
480,75,132,6
480,75,516,7
480,75,295,7
480,75,354,6
480,75,228,4
480,75,71,9
480,75,935,6
481,60,435,2
481,60,934,5
481,60,946,8
481,60,149,4
481,60,917,3
481,60,712,10
482,19,664,1
482,19,116,3
482,19,514,3
482,19,481,7
483,16,642,7
483,16,736,7
483,16,255,2
483,16,718,8
483,16,719,4
484,95,702,1
484,95,646,4
484,95,891,8
484,95,812,1
484,95,538,8
484,95,244,6
484,95,827,1
485,67,88,8
485,67,61,7
485,67,136,10
485,67,97,10
485,67,704,9
485,67,537,2
485,67,629,9
485,67,89,1
485,67,416,9
485,67,512,1
486,63,367,3
486,63,258,3
486,63,618,3
486,63,153,4
486,63,921,6
487,36,855,6
488,50,422,3
488,50,231,6
488,50,279,5
488,50,412,9
488,50,491,10
488,50,64,8
489,83,114,2
489,83,675,8
489,83,853,5
489,83,609,7
489,83,862,4
489,83,582,3
489,83,109,2
489,83,704,7
489,83,585,4
489,83,113,3
490,26,801,3
490,26,71,9
490,26,848,10
490,26,223,6
491,28,800,7
491,28,546,6
491,28,574,3
491,28,511,5
491,28,607,3
491,28,986,9
491,28,276,9
492,15,290,7
492,15,976,5
492,15,446,2
492,15,311,2
492,15,531,8
492,15,672,10
492,15,270,1
493,5,220,2
493,5,701,7
494,10,417,8
494,10,569,3
494,10,691,8
494,10,420,8
494,10,293,7
495,11,968,6
495,11,468,9
495,11,891,10
495,11,81,5
495,11,992,7
495,11,384,3
495,11,729,5
495,11,380,9
495,11,370,4
495,11,527,8
496,43,767,7
496,43,369,10
496,43,191,4
497,28,890,7
497,28,700,5
497,28,874,9
497,28,456,10
497,28,686,5
497,28,898,7
497,28,731,10
497,28,309,9
497,28,609,7
498,3,183,1
498,3,189,6
498,3,272,4
498,3,234,10
498,3,593,4
498,3,102,10
498,3,859,7
499,63,259,6
499,63,640,7
499,63,720,3
499,63,24,8
499,63,162,5
500,42,513,6
500,42,118,6
500,42,921,1
500,42,716,2
500,42,611,8
500,42,732,2
500,42,282,5
500,42,230,10
501,55,920,3
501,55,807,6
501,55,865,3
501,55,901,5
501,55,880,1
501,55,362,6
502,75,710,6
502,75,131,7
502,75,887,4
502,75,232,3
502,75,121,10
502,75,389,3
502,75,939,2
502,75,72,2
502,75,204,1
502,75,986,7
503,18,509,5
503,18,880,10
503,18,990,5
503,18,262,4
503,18,542,6
503,18,853,2
504,24,688,4
505,48,944,2
506,82,717,5
506,82,860,7
506,82,410,4
506,82,186,6
507,69,157,9
507,69,122,9
507,69,716,4
507,69,710,7
507,69,188,9
507,69,712,10
507,69,947,6
507,69,151,2
508,24,566,1
508,24,6,10
508,24,161,7
508,24,805,10
509,35,251,7
509,35,872,10
509,35,131,3
509,35,83,7
509,35,941,10
509,35,444,9
510,98,577,4
510,98,280,3
510,98,778,5
510,98,493,1
510,98,583,4
510,98,262,7
511,80,138,9
511,80,701,3
512,96,605,8
512,96,389,6
512,96,107,10
512,96,344,7
512,96,897,3
512,96,916,5
512,96,957,1
512,96,863,6
512,96,622,9
513,38,738,3
513,38,705,7
513,38,369,6
513,38,505,8
514,5,683,6
514,5,917,4
514,5,844,8
514,5,372,2
514,5,487,1
514,5,797,3
515,62,843,8
515,62,254,8
515,62,344,1
515,62,672,5
516,99,608,7
517,35,651,8
517,35,278,4
517,35,14,1
517,35,261,8
517,35,903,7
518,84,24,7
519,31,672,9
519,31,518,8
519,31,614,9
519,31,116,2
519,31,830,9
520,1,964,5
520,1,667,3
520,1,416,9
521,11,932,4
521,11,114,3
521,11,422,8
521,11,58,2
521,11,5,5
521,11,566,6
522,71,561,7
522,71,129,5
522,71,729,1
522,71,368,3
522,71,981,5
522,71,291,4
522,71,821,10
522,71,177,4
522,71,159,6
522,71,156,2
523,95,531,2
523,95,926,2
523,95,853,3
523,95,860,2
523,95,913,5
523,95,797,6
523,95,57,3
524,67,328,10
524,67,108,1
525,67,181,5
525,67,806,7
525,67,684,5
526,78,718,5
526,78,767,5
526,78,68,10
526,78,480,1
526,78,439,5
526,78,676,4
527,91,937,1
527,91,514,1
527,91,268,5
527,91,47,7
527,91,193,4
527,91,248,6
527,91,444,4
527,91,912,4
528,25,928,6
528,25,238,3
528,25,322,5
528,25,720,5
528,25,366,2
528,25,317,7
528,25,711,7
528,25,825,6
528,25,487,9
528,25,730,9
529,30,194,2
529,30,950,1
529,30,350,5
529,30,687,2
529,30,47,3
529,30,683,8
529,30,578,8
530,72,122,6
530,72,758,5
530,72,886,3
530,72,283,3
530,72,20,2
530,72,758,9
530,72,156,8
530,72,532,2
530,72,552,10
531,28,882,6
532,24,721,4
532,24,426,10
532,24,416,6
532,24,826,4
532,24,246,3
532,24,987,8
532,24,179,5
532,24,473,5
533,61,291,6
534,63,917,7
534,63,994,3
534,63,112,1
534,63,175,9
534,63,688,6
534,63,133,6
534,63,102,8
534,63,111,5
534,63,348,1
534,63,425,1
535,52,472,6
535,52,240,9
535,52,15,4
535,52,311,9
535,52,333,7
535,52,107,9
535,52,788,7
535,52,980,5
536,76,175,10
536,76,170,5
536,76,821,6
536,76,845,2
536,76,421,10
536,76,189,7
536,76,380,3
537,11,59,1
537,11,511,8
537,11,352,5
537,11,788,3
537,11,666,2
537,11,125,4
537,11,904,6
537,11,900,8
537,11,63,5
538,53,993,8
538,53,877,1
538,53,67,1
538,53,564,5
539,31,136,2
539,31,629,3
539,31,232,6
539,31,343,7
539,31,6,4
540,11,677,4
540,11,372,8
540,11,564,2
540,11,947,1
540,11,931,1
540,11,455,2
540,11,874,8
540,11,879,5
540,11,629,1
540,11,933,9
541,80,481,7
541,80,466,2
541,80,534,10
541,80,166,6
541,80,914,3
541,80,976,9
541,80,564,1
541,80,394,8
542,56,365,5
542,56,746,2
542,56,244,5
543,75,706,5
543,75,980,5
544,64,591,9
544,64,508,8
544,64,437,7
544,64,467,7
544,64,334,7
544,64,688,10
544,64,742,10
545,7,152,3
545,7,806,6
545,7,631,3
545,7,418,5
545,7,580,7
545,7,764,3
545,7,237,9
546,74,259,5
546,74,781,6
546,74,712,5
546,74,703,7
546,74,475,8
546,74,336,8
546,74,650,3
546,74,633,6
546,74,922,4
546,74,207,5
547,87,2,1
547,87,580,7
547,87,811,1
547,87,453,1
547,87,166,7
547,87,293,1
547,87,59,2
547,87,472,9
548,9,391,10
548,9,592,9
548,9,961,6
549,39,803,6
549,39,231,7
549,39,475,10
549,39,58,1
549,39,917,3
549,39,606,10
549,39,838,6
549,39,71,10
549,39,422,8
550,32,793,1
551,45,872,8
551,45,303,3
551,45,809,9
551,45,547,8
551,45,811,2
551,45,719,4
551,45,297,6
552,46,194,6
552,46,737,9
552,46,670,5
552,46,900,3
552,46,775,3
552,46,583,2
553,44,433,10
553,44,763,4
553,44,992,7
553,44,488,7
553,44,338,1
553,44,587,5
553,44,73,7
553,44,973,4
554,44,400,1
554,44,335,6
555,58,577,9
555,58,262,2
555,58,671,7
555,58,98,7
555,58,932,2
555,58,855,2
556,14,220,7
556,14,352,3
556,14,16,5
557,23,567,4
557,23,585,5
557,23,909,9
557,23,887,9
557,23,32,2
557,23,513,4
557,23,552,10
557,23,550,5
557,23,792,7
557,23,237,1
558,3,995,8
558,3,645,2
558,3,738,10
558,3,139,10
558,3,181,9
558,3,975,2
558,3,747,1
558,3,129,3
559,59,272,2
559,59,141,9
559,59,512,2
559,59,765,5
559,59,941,3
559,59,148,9
559,59,820,2
559,59,854,10
560,77,393,1
560,77,547,7
560,77,63,7
560,77,248,2
560,77,260,7
560,77,489,10
560,77,165,4
561,39,645,6
561,39,492,6
561,39,604,9
562,27,306,1
562,27,361,2
562,27,565,6
562,27,659,1
562,27,580,7
562,27,895,2
562,27,922,3
563,37,223,1
563,37,470,5
563,37,325,4
563,37,656,4
563,37,429,9
563,37,601,1
564,100,260,6
564,100,922,9
564,100,320,2
564,100,571,5
564,100,856,1
564,100,679,1
564,100,949,3
564,100,628,8
564,100,413,8
564,100,172,5
565,54,830,7
565,54,54,3
565,54,434,6
565,54,802,6
565,54,30,4
565,54,313,7
565,54,278,6
565,54,477,1
566,10,494,10
566,10,757,3
566,10,843,3
566,10,618,10
566,10,22,5
567,68,74,3
567,68,934,5
567,68,141,7
567,68,481,4
568,23,993,9
568,23,467,10
568,23,287,5
568,23,234,6
568,23,961,7
568,23,454,8
568,23,55,3
568,23,298,3
569,2,200,1
569,2,576,5
569,2,343,8
569,2,543,9
569,2,394,2
569,2,771,1
569,2,882,7
569,2,218,4
569,2,441,5
569,2,273,8
570,89,963,2
570,89,260,1
571,51,532,5
571,51,349,6
572,55,982,4
572,55,497,5
572,55,380,3
572,55,122,1
572,55,103,6
572,55,126,2
572,55,726,4
572,55,146,2
573,74,474,7
573,74,99,10
574,54,19,6
574,54,272,1
574,54,820,8
574,54,933,4
574,54,410,2
575,82,437,7
575,82,79,6
575,82,215,3
575,82,931,6
575,82,795,8
575,82,130,10
575,82,532,10
575,82,657,6
575,82,570,6
575,82,665,4
576,52,585,4
576,52,318,2
576,52,172,6
576,52,485,9
576,52,79,1
576,52,294,3
576,52,948,2
576,52,938,1
577,80,264,10
577,80,806,7
577,80,262,7
577,80,16,1
577,80,76,1
577,80,379,10
577,80,670,2
577,80,402,2
577,80,872,1
577,80,144,8
578,76,280,4
578,76,644,4
578,76,783,5
578,76,422,3
579,31,148,3
579,31,279,3
579,31,471,7
579,31,556,4
579,31,198,7
579,31,92,6
580,3,465,4
580,3,730,4
580,3,518,7
580,3,413,9
580,3,185,1
580,3,101,9
580,3,629,2
581,78,155,8
581,78,381,6
581,78,128,4
581,78,254,8
581,78,679,4
581,78,290,10
581,78,431,5
581,78,380,6
581,78,64,10
582,96,511,9
582,96,727,9
582,96,409,10
582,96,222,5
583,68,718,4
584,92,343,3
584,92,17,8
585,34,597,10
585,34,247,4
585,34,465,2
585,34,790,6
585,34,772,7
585,34,984,8
585,34,471,4
585,34,200,1
586,45,702,1
586,45,232,7
586,45,9,5
586,45,119,10
586,45,930,1
586,45,793,2
586,45,443,2
586,45,567,1
586,45,431,2
586,45,966,1
587,3,75,9
587,3,708,9
588,82,116,8
588,82,214,3
588,82,727,6
588,82,637,9
588,82,813,5
588,82,938,3
589,99,766,10
589,99,718,6
589,99,710,7
590,21,975,3
591,5,667,8
591,5,408,8
591,5,646,10
591,5,462,5
591,5,59,5
592,81,782,6
592,81,198,3
592,81,409,2
592,81,553,6
592,81,554,2
592,81,71,8
592,81,206,3
592,81,364,7
593,9,515,2
593,9,671,6
593,9,67,1
593,9,524,1
593,9,635,7
593,9,73,10
593,9,14,1
593,9,692,2
593,9,391,7
593,9,736,1
594,83,583,1
594,83,369,10
594,83,38,4
594,83,821,10
594,83,204,8
595,31,868,5
595,31,853,9
596,39,851,9
596,39,471,10
596,39,810,1
596,39,290,4
596,39,146,10
596,39,295,7
596,39,33,9
596,39,823,2
596,39,292,4
597,14,507,2
597,14,760,1
597,14,402,10
597,14,431,8
598,73,744,10
598,73,99,10
598,73,195,7
598,73,508,9
598,73,723,6
598,73,730,5
598,73,241,6
598,73,727,1
599,72,625,2
599,72,181,5
600,21,872,3
600,21,55,10
600,21,821,10
601,26,986,4
601,26,996,2
601,26,110,4
601,26,743,8
601,26,842,10
602,59,436,6
602,59,383,8
602,59,143,2
602,59,960,6
602,59,801,3
602,59,926,8
602,59,987,8
603,49,620,3
603,49,892,5
603,49,480,10
604,67,590,7
604,67,712,10
604,67,855,6
605,64,975,10
606,20,89,1
606,20,112,3
606,20,179,7
606,20,282,5
606,20,577,7
607,71,289,7
607,71,62,3
607,71,865,6
607,71,706,2
607,71,307,1
607,71,949,9
607,71,215,9
607,71,169,2
607,71,59,3
607,71,258,3
608,2,580,7
608,2,423,5
608,2,303,5
608,2,676,2
608,2,898,3
608,2,885,7
608,2,830,10
608,2,71,10
608,2,174,3
609,42,608,7
609,42,281,8
609,42,169,6
609,42,11,8
609,42,971,2
609,42,307,7
609,42,726,1
610,79,715,1
611,29,382,5
611,29,250,3
611,29,307,2
611,29,523,3
611,29,192,2
611,29,807,8
611,29,424,2
612,77,555,3
612,77,259,6
612,77,545,6
612,77,715,2
612,77,322,4
612,77,628,3
612,77,877,2
612,77,681,10
613,29,782,3
613,29,164,5
613,29,642,10
613,29,368,1
614,43,706,3
614,43,937,4
614,43,949,1
614,43,940,2
615,94,198,6
615,94,869,10
615,94,619,6
615,94,506,6
615,94,43,4
615,94,768,6
615,94,3,3
615,94,96,2
615,94,541,4
616,22,312,7
616,22,236,6
616,22,820,4
616,22,916,10
616,22,727,2
617,19,812,10
617,19,965,10
617,19,688,7
617,19,366,9
617,19,690,6
617,19,131,2
617,19,208,9
618,42,89,4
618,42,157,3
619,44,936,6
619,44,546,1
619,44,789,1
619,44,622,3
619,44,619,10
619,44,527,6
620,90,160,10
620,90,405,10
620,90,724,4
620,90,288,8
620,90,191,10
620,90,31,5
620,90,38,5
620,90,806,3
621,9,44,1
621,9,875,8
621,9,647,3
622,87,238,9
622,87,263,9
622,87,559,5
622,87,734,3
622,87,434,10
622,87,871,8
622,87,175,10
622,87,284,3
623,32,649,9
623,32,513,6
623,32,722,1
624,27,835,1
624,27,412,10
624,27,891,2
624,27,790,4
624,27,761,10
624,27,191,9
624,27,929,5
624,27,736,10
624,27,697,1
625,8,658,8
625,8,522,1
625,8,140,3
625,8,777,1
625,8,983,2
625,8,870,10
625,8,854,2
626,45,121,3
626,45,503,1
626,45,437,10
626,45,705,4
626,45,880,3
626,45,14,6
627,83,346,9
627,83,750,3
627,83,232,8
627,83,82,3
627,83,262,8
627,83,897,10
627,83,760,9
627,83,648,1
627,83,8,6
627,83,543,3
628,36,812,5
628,36,193,4
628,36,606,8
628,36,178,9
628,36,950,9
628,36,793,7
629,65,4,2
629,65,132,2
630,24,728,10
630,24,632,4
630,24,598,7
630,24,231,6
630,24,853,9
630,24,522,10
630,24,890,5
631,53,16,9
631,53,494,2
631,53,221,8
631,53,575,7
631,53,366,3
632,5,840,4
632,5,570,2
633,89,83,4
633,89,565,8
633,89,492,2
633,89,114,6
633,89,757,4
633,89,874,2
633,89,805,9
633,89,784,4
633,89,312,9
633,89,589,2
634,47,193,4
634,47,678,4
634,47,29,7
635,19,363,10
635,19,589,9
635,19,465,5
635,19,100,10
636,58,581,10
637,20,741,3
637,20,451,6
637,20,656,3
637,20,335,5
637,20,427,10
637,20,537,2
637,20,349,5
637,20,139,8
637,20,66,9
637,20,993,7
638,82,520,10
638,82,655,9
638,82,493,7
638,82,852,9
638,82,395,3
638,82,801,6
639,67,116,1
639,67,72,3
639,67,760,5
639,67,423,5
639,67,152,6
639,67,398,9
639,67,398,7
639,67,362,6
639,67,527,10
639,67,583,6
640,2,659,8
640,2,240,5
640,2,638,3
640,2,344,5
640,2,943,1
640,2,626,2
640,2,811,2
640,2,550,5
640,2,163,6
640,2,509,3
641,54,723,6
641,54,591,1
641,54,5,8
642,39,610,9
642,39,80,1
642,39,887,5
642,39,550,3
642,39,128,4
642,39,181,6
642,39,923,2
642,39,895,10
643,24,666,1
643,24,952,4
643,24,553,8
643,24,623,5
643,24,862,9
643,24,710,3
643,24,550,10
643,24,688,5
644,78,757,8
644,78,655,4
644,78,748,3
644,78,789,7
644,78,639,1
644,78,104,5
644,78,96,6
645,55,633,4
646,35,221,7
646,35,513,10
647,97,962,5
647,97,430,6
647,97,444,10
647,97,94,10
647,97,488,6
647,97,245,2
647,97,388,6
647,97,152,10
647,97,914,8
648,2,621,5
648,2,393,4
648,2,915,4
648,2,576,7
648,2,902,3
648,2,209,9
648,2,885,5
648,2,419,1
648,2,453,5
649,11,667,7
649,11,341,10
649,11,53,8
649,11,127,2
649,11,879,9
649,11,763,7
649,11,576,4
650,3,104,9
650,3,243,10
650,3,617,5
650,3,868,6
650,3,252,5
650,3,97,1
650,3,406,3
650,3,354,3
651,85,621,3
651,85,633,6
651,85,307,10
651,85,531,5
651,85,435,6
651,85,898,9
651,85,198,6
651,85,731,7
652,71,752,5
653,87,411,6
653,87,693,9
653,87,320,7
653,87,586,7
653,87,324,3
653,87,340,1
654,27,819,7
654,27,735,9
654,27,615,6
654,27,77,4
654,27,239,7
655,96,166,9
655,96,637,4
655,96,946,9
655,96,335,10
655,96,229,3
656,25,971,7
656,25,353,5
656,25,641,8
656,25,277,9
656,25,896,2
656,25,748,6
656,25,24,1
656,25,451,2
657,62,85,1
657,62,774,5
657,62,408,6
657,62,159,7
657,62,12,3
657,62,858,3
658,4,164,1
658,4,982,8
658,4,345,10
658,4,14,2
658,4,50,3
658,4,96,6
658,4,567,2
659,95,116,7
660,13,363,1
660,13,164,7
660,13,105,3
660,13,416,3
660,13,769,3
660,13,571,8
661,70,783,5
661,70,376,9
661,70,778,2
661,70,657,10
661,70,695,9
661,70,207,7
662,26,689,7
662,26,643,8
662,26,539,7
662,26,370,9
663,93,696,8
663,93,23,6
663,93,286,4
663,93,124,3
663,93,130,1
664,5,69,1
664,5,215,5
664,5,346,8
664,5,914,9
664,5,106,4
664,5,77,3
664,5,398,9
664,5,912,1
665,23,903,9
665,23,242,9
665,23,71,1
665,23,417,6
665,23,280,1
665,23,827,3
665,23,197,4
666,58,398,9
666,58,666,10
666,58,803,8
666,58,752,2
667,34,469,7
667,34,447,9
667,34,961,7
667,34,455,4
667,34,310,2
667,34,709,4
667,34,263,6
668,58,72,7
668,58,217,5
668,58,274,7
668,58,538,10
668,58,36,8
668,58,114,5
668,58,748,10
668,58,58,9
668,58,595,9
669,68,414,2
670,88,446,8
670,88,452,2
670,88,98,3
670,88,344,10
670,88,554,4
670,88,310,10
670,88,994,3
670,88,252,2
670,88,955,1
671,62,15,9
671,62,19,8
671,62,460,5
671,62,530,8
671,62,973,6
671,62,632,1
671,62,73,7
671,62,445,4
671,62,525,2
671,62,260,1
672,92,159,5
672,92,35,4
673,4,977,6
673,4,792,3
674,68,978,8
674,68,592,2
674,68,818,7
674,68,61,9
674,68,851,7
674,68,640,1
675,52,501,3
676,57,263,8
676,57,79,8
676,57,26,4
676,57,773,7
676,57,790,9
676,57,164,10
676,57,906,6
676,57,228,9
676,57,332,10
677,5,167,3
677,5,824,4
678,65,132,9
679,93,921,5
680,36,97,6
680,36,590,1
681,59,711,4
681,59,569,3
682,23,334,5
682,23,291,7
682,23,180,1
682,23,778,3
682,23,555,1
682,23,458,6
682,23,261,2
682,23,58,9
682,23,321,8
683,12,527,9
683,12,512,4
683,12,991,6
683,12,705,2
683,12,861,2
684,72,844,5
684,72,388,8
684,72,831,6
684,72,315,5
684,72,356,6
684,72,796,6
684,72,822,10
685,48,33,7
685,48,293,9
685,48,164,4
685,48,458,10
685,48,831,7
685,48,799,5
685,48,68,8
685,48,328,5
685,48,965,7
685,48,190,2
686,50,557,4
686,50,792,3
686,50,969,5
686,50,232,9
686,50,352,6
686,50,376,6
687,47,599,9
687,47,935,7
687,47,781,7
687,47,843,7
687,47,663,8
687,47,930,9
687,47,644,8
687,47,351,10
687,47,556,9
688,77,174,9
688,77,224,2
688,77,114,3
688,77,704,7
688,77,387,7
688,77,377,3
688,77,95,9
688,77,723,10
688,77,326,9
688,77,424,1
689,58,300,7
689,58,84,2
689,58,249,9
689,58,213,2
690,90,878,3
690,90,322,8
690,90,597,8
690,90,583,8
690,90,871,5
690,90,701,8
690,90,287,6
690,90,168,8
691,78,387,6
691,78,334,1
691,78,765,9
691,78,709,9
691,78,364,1
691,78,592,8
691,78,987,2
691,78,479,3
691,78,88,7
692,92,748,5
692,92,250,4
693,95,146,6
693,95,120,3
694,6,224,2
694,6,772,8
694,6,657,7
694,6,769,1
695,52,290,1
695,52,765,4
695,52,341,9
696,64,639,7
696,64,172,2
696,64,943,5
696,64,582,8
696,64,294,9
696,64,976,1
696,64,447,1
696,64,356,7
696,64,85,3
697,34,556,2
697,34,151,3
698,38,387,8
698,38,585,9
699,30,430,6
699,30,60,4
699,30,688,7
699,30,209,2
700,3,4,10
701,60,240,8
701,60,441,1
701,60,217,1
701,60,278,3
701,60,63,9
701,60,644,2
702,76,23,8
702,76,598,8
702,76,596,8
702,76,169,6
702,76,561,1
702,76,280,8
703,80,42,5
703,80,587,3
703,80,758,5
703,80,631,1
703,80,582,5
703,80,379,10
703,80,764,1
703,80,575,5
703,80,875,10
704,27,76,1
704,27,199,3
704,27,396,10
704,27,996,1
705,34,113,7
705,34,847,8
705,34,972,7
705,34,34,9
705,34,264,6
705,34,817,1
705,34,369,3
705,34,713,2
705,34,569,6
706,80,739,6
706,80,157,8
706,80,88,4
706,80,827,8
706,80,137,2
706,80,777,1
706,80,286,3
706,80,216,10
707,92,796,2
707,92,186,5
707,92,555,6
707,92,642,5
707,92,46,7
707,92,243,4
707,92,849,8
708,37,225,8
708,37,89,10
708,37,998,5
709,14,891,9
709,14,247,8
709,14,62,8
710,79,358,5
710,79,557,5
710,79,701,5
710,79,347,1
711,31,182,9
711,31,866,4
712,32,42,9
712,32,796,9
712,32,645,7
712,32,380,4
713,12,189,2
713,12,524,2
714,32,566,2
714,32,182,6
714,32,896,8
714,32,88,7
714,32,956,3
714,32,907,1
714,32,127,9
714,32,181,4
715,37,704,3
715,37,856,8
715,37,104,7
716,86,59,6
716,86,547,6
716,86,649,5
716,86,404,1
716,86,961,3
716,86,334,5
717,97,522,5
717,97,164,5
717,97,651,5
717,97,560,4
717,97,559,4
717,97,100,8
717,97,677,6
717,97,305,3
717,97,689,9
717,97,564,9
718,44,888,5
718,44,827,3
718,44,77,5
718,44,833,9
718,44,120,1
719,92,446,8
719,92,614,2
719,92,89,7
719,92,75,1
719,92,909,1
720,33,181,1
720,33,57,9
720,33,395,5
720,33,382,8
720,33,494,4
720,33,953,7
720,33,1,5
720,33,280,5
721,96,344,4
721,96,515,2
721,96,834,10
721,96,127,6
721,96,953,6
721,96,212,3
721,96,807,3
721,96,307,9
721,96,566,8
722,26,995,8
722,26,494,1
722,26,612,2
723,5,176,8
723,5,456,9
723,5,896,9
723,5,719,2
723,5,324,7
723,5,736,8
723,5,264,3
723,5,407,6
723,5,428,4
723,5,551,9
724,88,613,5
724,88,277,8
724,88,973,4
724,88,603,4
724,88,154,10
724,88,672,6
724,88,697,1
724,88,260,2
724,88,383,8
725,45,99,8
725,45,302,1
725,45,860,9
725,45,876,2
725,45,617,1
725,45,592,2
725,45,145,6
725,45,637,5
725,45,842,2
726,39,717,9
726,39,958,3
726,39,263,1
726,39,892,4
726,39,304,10
727,17,843,4
728,72,739,9
728,72,332,1
728,72,679,10
728,72,491,9
728,72,97,10
728,72,938,3
728,72,435,5
729,75,21,4
729,75,45,10
729,75,178,6
729,75,172,8
729,75,310,3
729,75,963,8
730,87,161,7
730,87,611,5
730,87,690,3
730,87,741,5
730,87,525,10
730,87,301,2
731,20,33,9
731,20,296,5
731,20,257,8
731,20,602,4
731,20,47,2
732,50,756,9
732,50,9,9
732,50,632,7
732,50,871,3
732,50,43,4
732,50,199,5
732,50,194,6
733,67,482,10
733,67,313,7
733,67,500,1
733,67,131,1
734,12,102,3
734,12,976,8
734,12,37,6
734,12,153,1
734,12,255,9
734,12,726,9
734,12,437,3
734,12,810,4
734,12,997,2
734,12,370,2
735,2,132,6
735,2,350,7
735,2,400,1
735,2,889,1
736,12,146,7
736,12,477,9
736,12,545,4
736,12,367,10
736,12,846,4
737,22,641,10
737,22,897,8
738,62,991,3
738,62,201,9
738,62,877,2
738,62,230,6
738,62,94,8
739,38,848,4
739,38,15,8
739,38,357,10
739,38,42,8
739,38,612,4
739,38,397,5
739,38,800,9
740,50,687,4
740,50,603,4
740,50,739,9
741,42,16,6
741,42,253,2
742,47,618,2
742,47,757,6
742,47,935,2
742,47,803,3
742,47,888,2
743,78,96,10
743,78,50,2
743,78,49,1
743,78,505,6
743,78,83,5
743,78,683,2
744,75,556,2
744,75,301,1
744,75,212,4
744,75,670,9
744,75,404,2
745,89,148,6
745,89,861,5
745,89,277,7
745,89,359,7
745,89,886,8
745,89,345,2
745,89,928,6
745,89,423,6
746,21,333,7
746,21,425,1
746,21,313,4
746,21,516,3
746,21,446,5
746,21,595,7
746,21,903,9
746,21,990,7
746,21,718,10
746,21,298,4
747,57,772,3
747,57,262,2
747,57,770,1
747,57,203,6
748,27,78,3
748,27,513,5
748,27,87,2
748,27,515,5
748,27,304,8
748,27,909,5
749,71,52,10
749,71,925,7
749,71,552,3
750,12,893,8
750,12,217,10
750,12,353,2
750,12,304,10
750,12,27,5
750,12,519,2
751,54,264,2
751,54,126,5
751,54,419,5
752,45,511,5
752,45,719,9
752,45,449,4
752,45,247,8
752,45,533,3
752,45,723,3
753,91,625,7
754,6,714,6
754,6,97,3
754,6,967,2
754,6,807,6
754,6,917,4
754,6,199,1
755,99,334,8
755,99,50,2
755,99,94,8
755,99,167,4
755,99,466,1
755,99,194,5
755,99,893,4
755,99,605,9
755,99,245,3
756,6,963,2
756,6,606,9
756,6,274,10
756,6,670,9
756,6,514,4
756,6,64,6
756,6,140,4
756,6,680,5
756,6,158,2
757,16,187,3
757,16,892,1
757,16,809,3
757,16,428,4
757,16,175,5
757,16,1,2
757,16,715,2
758,16,252,1
758,16,300,10
759,49,867,5
759,49,39,1
759,49,3,10
759,49,609,9
759,49,244,7
759,49,926,1
759,49,657,4
759,49,326,9
759,49,723,8
760,77,395,4
760,77,560,1
760,77,607,4
760,77,285,10
761,43,381,6
761,43,432,7
761,43,149,9
761,43,679,4
761,43,812,9
762,48,846,10
762,48,846,1
762,48,149,2
762,48,44,7
762,48,992,6
762,48,333,10
763,36,892,6
763,36,476,1
763,36,881,10
763,36,345,9
763,36,485,2
763,36,200,3
763,36,317,5
763,36,142,9
764,94,821,6
765,5,901,1
765,5,903,5
765,5,706,7
765,5,51,2
765,5,804,1
765,5,799,3
766,58,892,6
766,58,896,3
766,58,653,9
766,58,668,5
766,58,591,9
766,58,274,2
767,4,792,8
767,4,306,3
767,4,558,9
767,4,620,7
767,4,532,1
767,4,368,7
768,30,835,2
768,30,241,8
768,30,817,8
768,30,904,7
768,30,165,6
768,30,318,6
768,30,185,6
769,54,113,3
769,54,827,10
769,54,428,8
769,54,889,1
769,54,641,5
769,54,173,1
769,54,824,9
769,54,811,8
769,54,396,10
770,9,201,2
770,9,614,2
770,9,879,4
770,9,494,9
770,9,956,9
770,9,391,10
770,9,489,5
770,9,280,4
770,9,961,3
770,9,894,2
771,97,679,10
771,97,448,10
771,97,430,5
772,21,154,1
772,21,239,1
772,21,395,2
772,21,488,1
772,21,562,3
772,21,996,2
773,29,456,7
774,43,943,6
774,43,210,2
775,82,348,2
775,82,468,10
776,62,89,10
776,62,935,9
776,62,963,8
776,62,607,9
777,69,761,6
777,69,715,2
777,69,723,9
777,69,739,5
777,69,375,1
777,69,702,3
777,69,119,1
778,6,986,9
778,6,657,6
778,6,115,9
778,6,844,5
779,48,206,10
779,48,845,7
779,48,976,4
780,56,560,10
780,56,648,6
781,76,294,8
781,76,392,9
781,76,250,2
781,76,9,3
781,76,77,9
781,76,580,1
782,92,72,2
783,52,222,10
783,52,326,4
783,52,788,7
783,52,552,5
783,52,240,6
783,52,804,5
784,17,697,8
784,17,381,2
784,17,848,10
784,17,126,2
784,17,121,6
784,17,404,9
784,17,476,9
785,97,460,10
785,97,162,10
785,97,947,4
785,97,415,5
786,58,313,3
786,58,421,10
786,58,970,9
786,58,132,8
786,58,868,9
786,58,932,7
786,58,9,10
786,58,692,9
786,58,130,7
787,10,50,6
787,10,740,6
787,10,309,3
787,10,717,9
787,10,688,6
787,10,934,1
787,10,579,5
787,10,871,7
787,10,825,9
787,10,432,6
788,40,418,10
788,40,979,5
788,40,278,5
789,70,708,3
789,70,35,8
789,70,829,3
790,12,568,9
790,12,100,6
790,12,515,2
790,12,668,3
790,12,861,4
790,12,546,10
790,12,332,6
790,12,845,9
790,12,383,3
791,81,455,5
791,81,942,8
791,81,178,10
791,81,850,4
791,81,301,3
791,81,635,2
792,63,499,6
792,63,756,4
792,63,266,3
792,63,65,4
792,63,575,4
792,63,793,4
792,63,94,6
792,63,155,1
793,39,591,1
793,39,505,3
793,39,621,1
793,39,494,6
793,39,743,6
794,7,285,4
794,7,645,2
794,7,339,10
794,7,33,7
794,7,478,9
795,66,360,8
795,66,31,6
795,66,595,9
795,66,653,4
795,66,858,8
795,66,709,3
796,82,468,10
796,82,34,2
796,82,915,7
796,82,752,6
796,82,570,9
796,82,14,9
796,82,868,2
797,46,211,5
797,46,495,5
798,48,440,3
799,90,165,4
799,90,759,4
799,90,524,8
799,90,438,4
799,90,962,3
799,90,79,3
799,90,290,7
800,87,300,7
800,87,259,5
800,87,348,10
800,87,999,3
801,36,261,5
801,36,213,5
801,36,171,9
801,36,185,1
801,36,696,8
801,36,236,9
801,36,281,3
801,36,318,7
802,69,593,2
802,69,277,5
802,69,938,1
802,69,64,3
802,69,226,2
803,42,317,7
803,42,422,1
804,14,597,1
804,14,513,8
804,14,217,8
805,80,877,10
806,46,335,10
807,81,869,1
807,81,19,10
807,81,742,10
807,81,107,4
807,81,426,2
807,81,236,7
807,81,299,10
808,9,702,10
808,9,237,8
808,9,374,1
808,9,611,9
808,9,122,1
809,87,590,10
810,35,239,1
810,35,807,9
810,35,401,4
810,35,377,6
810,35,379,6
810,35,823,7
810,35,495,7
810,35,966,9
811,46,196,6
811,46,747,9
811,46,542,4
811,46,819,10
811,46,83,8
811,46,940,3
811,46,129,7
811,46,898,2
811,46,683,6
812,76,77,7
812,76,529,10
812,76,1000,2
812,76,770,9
813,98,993,1
813,98,166,8
813,98,370,7
813,98,130,3
813,98,499,10
813,98,841,8
813,98,644,4
813,98,303,5
813,98,984,1
813,98,991,10
814,2,407,2
814,2,232,8
814,2,232,4
814,2,405,5
814,2,532,10
814,2,942,7
814,2,550,3
814,2,506,9
814,2,772,9
815,82,339,3
815,82,351,7
815,82,651,6
815,82,157,3
815,82,909,4
815,82,708,9
816,92,254,8
816,92,14,4
816,92,243,2
816,92,716,7
816,92,849,5
816,92,74,7
816,92,624,1
816,92,885,2
816,92,702,1
816,92,679,7
817,92,553,4
817,92,177,9
817,92,91,4
817,92,575,3
817,92,375,7
817,92,110,6
817,92,950,8
817,92,707,3
818,93,460,9
819,89,525,7
819,89,351,10
819,89,952,6
819,89,1000,4
819,89,12,2
819,89,534,5
819,89,609,6
819,89,717,8
819,89,713,2
820,63,787,6
820,63,773,5
820,63,125,5
820,63,38,7
820,63,43,9
820,63,802,1
820,63,374,10
821,46,951,10
821,46,92,4
821,46,409,6
821,46,631,8
821,46,399,4
821,46,303,3
821,46,517,2
821,46,849,10
821,46,851,8
822,40,546,3
822,40,94,4
822,40,53,2
822,40,711,9
822,40,903,2
822,40,352,10
823,69,416,2
823,69,411,1
823,69,73,4
823,69,734,1
824,17,201,9
824,17,442,9
825,88,153,3
825,88,615,6
826,24,653,4
826,24,879,9
826,24,304,1
826,24,637,10
827,93,592,3
827,93,582,1
827,93,901,1
827,93,163,2
827,93,240,1
827,93,555,8
827,93,395,3
827,93,502,3
828,93,263,8
828,93,506,5
828,93,277,8
828,93,465,1
828,93,654,8
828,93,991,8
828,93,719,10
829,2,132,6
829,2,128,3
829,2,284,5
829,2,1000,10
829,2,625,10
829,2,951,10
829,2,231,3
829,2,556,7
829,2,756,4
830,58,779,8
830,58,691,7
830,58,242,6
831,46,345,6
831,46,175,7
831,46,954,2
832,57,953,2
832,57,803,9
832,57,877,4
832,57,660,1
832,57,226,7
832,57,98,5
832,57,680,3
832,57,203,6
833,69,93,8
833,69,163,4
833,69,383,1
833,69,519,3
833,69,917,3
833,69,60,3
833,69,661,4
833,69,9,10
833,69,764,2
833,69,740,6
834,71,262,3
834,71,744,4
834,71,689,4
834,71,15,4
834,71,33,1
834,71,392,7
834,71,98,3
834,71,964,5
834,71,708,4
835,8,669,2
836,23,766,8
836,23,629,10
836,23,651,7
836,23,70,5
836,23,677,5
836,23,449,5
837,23,916,3
837,23,892,6
837,23,29,4
837,23,63,4
837,23,110,5
837,23,887,7
837,23,667,1
837,23,671,9
837,23,289,5
838,31,546,4
839,40,481,4
839,40,271,10
839,40,900,10
839,40,730,6
839,40,716,8
839,40,538,6
839,40,223,1
840,40,403,1
840,40,454,2
840,40,570,6
840,40,979,4
840,40,223,10
840,40,802,6
840,40,402,4
841,12,273,3
841,12,987,7
842,99,774,6
842,99,287,3
842,99,946,3
843,81,692,8
843,81,222,6
843,81,303,5
843,81,533,8
844,86,977,4
844,86,120,8
845,5,541,2
845,5,822,2
845,5,506,10
845,5,668,2
845,5,737,7
845,5,905,6
845,5,902,4
845,5,317,6
845,5,141,7
845,5,422,3
846,88,175,3
846,88,885,10
846,88,992,7
846,88,67,3
846,88,146,3
846,88,928,4
846,88,226,9
846,88,740,1
846,88,23,4
846,88,969,4
847,25,626,2
847,25,735,6
847,25,311,3
848,24,410,6
848,24,538,5
848,24,567,4
848,24,252,10
848,24,736,4
848,24,382,10
849,55,738,9
849,55,500,4
849,55,308,5
849,55,859,10
849,55,42,1
849,55,185,7
849,55,794,7
849,55,896,9
850,94,120,5
850,94,270,6
850,94,362,2
850,94,642,3
851,92,654,7
851,92,703,5
851,92,836,10
851,92,410,6
851,92,437,2
851,92,266,4
851,92,499,3
852,33,320,5
852,33,25,7
852,33,932,6
853,76,515,8
853,76,731,10
853,76,806,6
853,76,107,7
854,77,482,5
854,77,191,8
854,77,868,10
854,77,147,6
854,77,109,3
855,31,732,3
855,31,154,4
856,48,171,8
856,48,880,10
856,48,851,10
857,23,539,9
857,23,934,8
858,12,638,10
859,7,819,3
859,7,614,9
859,7,535,8
859,7,965,9
859,7,468,5
859,7,972,5
859,7,850,2
860,78,593,6
860,78,767,3
860,78,193,7
860,78,167,4
860,78,546,2
860,78,323,7
860,78,178,9
860,78,870,2
860,78,648,5
861,26,781,4
861,26,701,5
862,7,290,8
863,12,23,5
864,49,625,5
864,49,416,8
864,49,981,10
865,39,895,9
865,39,259,7
865,39,708,9
865,39,479,5
865,39,573,9
865,39,199,7
865,39,580,10
865,39,769,7
865,39,262,5
866,92,954,7
866,92,307,5
866,92,526,3
866,92,156,8
866,92,974,3
866,92,749,3
866,92,126,9
866,92,197,3
866,92,261,8
867,22,734,8
867,22,289,7
868,65,912,2
869,49,367,2
869,49,464,8
869,49,220,6
869,49,324,5
869,49,496,3
869,49,426,9
869,49,111,5
869,49,367,7
869,49,43,7
870,90,45,1
870,90,607,2
870,90,792,6
870,90,136,9
870,90,375,1
870,90,384,8
871,71,812,6
871,71,155,6
871,71,120,1
871,71,998,7
871,71,128,2
871,71,506,8
871,71,64,6
871,71,991,5
871,71,158,4
872,54,646,7
872,54,956,4
872,54,910,5
872,54,865,1
873,99,716,3
873,99,493,6
873,99,766,2
873,99,474,10
873,99,251,3
873,99,633,4
873,99,519,3
873,99,97,9
873,99,909,10
874,9,754,5
874,9,943,2
874,9,272,4
875,59,44,9
875,59,486,4
875,59,277,10
875,59,568,1
875,59,243,4
875,59,300,9
875,59,903,8
875,59,161,7
875,59,458,8
875,59,578,5
876,28,997,3
877,6,257,10
877,6,856,5
877,6,752,3
877,6,772,6
877,6,693,10
877,6,710,4
877,6,119,3
877,6,955,4
877,6,840,2
878,95,815,2
879,15,13,5
880,98,748,9
880,98,288,5
880,98,721,8
880,98,113,8
880,98,940,9
881,92,182,8
881,92,367,9
881,92,92,4
881,92,781,8
881,92,457,3
881,92,567,1
881,92,867,1
881,92,10,6
881,92,134,4
881,92,270,7
882,36,159,8
882,36,997,6
882,36,845,10
882,36,618,4
883,51,86,1
883,51,458,10
883,51,714,10
883,51,864,8
883,51,830,6
883,51,821,6
884,7,271,5
884,7,93,8
884,7,678,1
884,7,818,10
885,60,504,6
885,60,283,2
885,60,62,6
885,60,526,3
886,20,950,6
886,20,48,10
886,20,999,5
886,20,122,10
887,6,248,2
887,6,798,5
887,6,216,1
887,6,957,7
887,6,162,6
888,6,219,1
888,6,628,9
889,82,886,2
889,82,850,8
889,82,788,8
889,82,985,6
890,6,767,4
890,6,802,8
890,6,569,9
890,6,845,8
890,6,779,6
890,6,499,5
890,6,192,4
890,6,580,6
890,6,809,8
891,50,913,2
891,50,850,8
891,50,641,5
892,9,455,4
892,9,455,4
892,9,816,6
892,9,982,8
892,9,184,6
893,93,121,1
893,93,463,6
893,93,50,9
893,93,691,3
893,93,250,3
893,93,589,10
893,93,385,7
894,41,408,6
894,41,92,3
894,41,374,6
894,41,363,2
894,41,235,1
895,43,501,4
896,56,938,1
896,56,234,8
896,56,789,6
896,56,488,2
897,87,521,7
897,87,368,8
897,87,462,5
897,87,59,1
897,87,78,2
897,87,145,2
897,87,648,8
897,87,1,6
897,87,5,9
897,87,331,1
898,57,846,7
898,57,917,7
899,3,888,9
899,3,720,1
900,96,800,7
900,96,127,9
900,96,504,8
900,96,851,8
900,96,342,6
901,83,157,4
901,83,995,4
901,83,177,10
901,83,435,8
901,83,262,2
901,83,248,6
902,89,587,2
902,89,265,5
902,89,601,7
902,89,725,2
902,89,668,2
902,89,841,9
902,89,13,10
902,89,947,5
903,8,983,8
903,8,737,6
904,82,46,2
904,82,726,8
904,82,652,8
904,82,689,6
904,82,495,8
904,82,425,2
904,82,599,9
905,11,255,5
905,11,639,2
905,11,483,10
905,11,593,8
905,11,82,1
906,52,344,5
906,52,461,2
906,52,991,2
906,52,409,1
906,52,236,7
906,52,249,4
907,97,542,6
907,97,266,5
907,97,496,8
907,97,50,7
907,97,888,7
907,97,67,7
907,97,857,8
907,97,311,4
907,97,663,8
907,97,71,9
908,2,144,2
908,2,899,3
908,2,405,3
908,2,154,9
909,57,611,10
909,57,278,6
910,30,181,8
910,30,574,10
910,30,580,7
910,30,409,10
910,30,696,1
910,30,608,9
910,30,801,9
910,30,436,1
911,34,787,5
912,39,549,5
913,5,242,10
913,5,977,6
913,5,671,8
913,5,824,1
913,5,810,6
913,5,277,8
914,32,92,7
914,32,270,3
914,32,632,1
914,32,120,3
914,32,687,6
914,32,373,1
914,32,583,2
914,32,221,10
915,13,60,7
915,13,644,5
915,13,347,10
915,13,523,5
915,13,575,1
915,13,806,1
916,56,306,5
916,56,633,9
916,56,37,6
916,56,505,8
916,56,401,2
917,95,887,1
917,95,122,5
917,95,77,5
917,95,892,10
917,95,229,10
917,95,61,5
917,95,473,5
918,45,993,7
918,45,126,1
918,45,88,5
918,45,417,10
918,45,165,1
918,45,456,6
919,1,117,3
919,1,194,5
919,1,534,10
919,1,123,10
919,1,799,10
919,1,556,3
919,1,745,9
919,1,377,6
919,1,416,6
919,1,766,4
920,6,41,8
920,6,345,1
920,6,677,9
920,6,739,8
920,6,860,9
920,6,192,2
920,6,222,4
920,6,910,3
920,6,237,7
921,50,566,7
921,50,848,7
921,50,217,4
921,50,754,8
921,50,3,9
921,50,523,8
921,50,302,8
922,74,547,8
923,52,799,9
923,52,952,8
923,52,954,9
924,58,475,10
925,9,447,1
925,9,558,6
926,84,360,9
926,84,653,10
926,84,608,7
926,84,217,9
926,84,466,2
926,84,258,5
926,84,818,4
926,84,942,9
927,4,932,3
927,4,506,5
927,4,247,7
927,4,2,5
927,4,489,10
927,4,622,6
927,4,810,4
927,4,934,10
928,92,74,5
928,92,433,4
928,92,743,1
928,92,931,7
928,92,739,5
929,77,416,4
930,78,292,6
930,78,730,1
930,78,14,6
930,78,187,5
930,78,878,8
930,78,775,7
930,78,300,3
931,43,976,9
931,43,145,9
931,43,382,7
931,43,40,2
931,43,267,2
931,43,584,10
931,43,323,1
931,43,250,7
932,62,296,2
932,62,120,7
932,62,176,1
932,62,851,5
932,62,733,7
932,62,9,7
932,62,781,6
932,62,492,5
933,37,521,7
934,81,958,2
934,81,702,8
934,81,473,3
934,81,878,7
934,81,326,5
934,81,865,1
934,81,486,2
934,81,332,4
934,81,762,1
935,79,681,2
935,79,456,1
936,32,315,10
936,32,241,2
936,32,981,8
936,32,827,6
936,32,334,1
936,32,897,2
936,32,435,9
936,32,440,7
936,32,359,8
937,23,210,5
937,23,367,5
937,23,168,7
937,23,74,5
937,23,370,10
938,70,971,4
938,70,495,2
938,70,987,4
938,70,708,10
938,70,600,10
938,70,365,6
938,70,614,6
938,70,476,3
938,70,669,8
938,70,752,1
939,52,419,1
940,84,279,3
940,84,562,2
940,84,198,10
940,84,559,5
940,84,659,3
940,84,415,1
940,84,570,10
940,84,187,7
941,60,855,10
941,60,838,8
942,57,154,9
942,57,526,8
942,57,340,9
942,57,670,2
942,57,857,8
942,57,867,5
942,57,545,5
943,16,23,2
943,16,272,9
943,16,581,3
943,16,336,10
943,16,722,10
943,16,559,9
943,16,262,6
943,16,660,8
943,16,491,2
944,48,432,10
944,48,54,3
944,48,362,8
944,48,536,5
945,81,556,9
946,42,811,4
946,42,97,4
946,42,64,2
946,42,642,10
946,42,232,7
946,42,202,7
946,42,852,6
946,42,8,1
946,42,961,7
946,42,813,10
947,98,287,7
947,98,181,1
947,98,933,9
947,98,997,9
947,98,597,6
948,3,349,6
949,69,499,1
949,69,384,6
949,69,972,5
949,69,761,9
950,38,920,3
950,38,168,9
950,38,238,6
950,38,289,6
950,38,967,2
950,38,227,2
950,38,571,4
951,19,837,6
951,19,80,10
951,19,920,6
952,28,92,3
952,28,975,6
952,28,835,10
952,28,404,8
952,28,819,7
952,28,681,5
952,28,30,2
952,28,630,8
952,28,630,5
953,94,343,2
953,94,123,10
953,94,450,9
953,94,572,2
954,66,72,2
954,66,96,10
954,66,274,6
954,66,316,8
954,66,913,5
954,66,886,8
954,66,533,9
954,66,27,3
954,66,694,9
955,55,997,5
955,55,239,7
955,55,846,9
955,55,544,2
955,55,726,8
955,55,646,9
956,77,85,3
956,77,638,8
956,77,74,2
957,85,14,8
957,85,348,1
958,73,472,3
958,73,557,9
959,90,402,3
959,90,252,6
959,90,814,7
959,90,901,6
959,90,247,10
959,90,63,6
959,90,431,3
959,90,348,3
960,64,724,8
960,64,89,4
960,64,293,3
960,64,945,4
960,64,521,8
960,64,461,7
960,64,585,8
960,64,176,7
960,64,566,6
960,64,219,3
961,49,750,3
961,49,31,1
961,49,634,2
961,49,832,9
961,49,736,9
961,49,154,7
961,49,300,2
961,49,784,7
961,49,956,9
962,19,35,7
962,19,712,6
962,19,139,4
962,19,725,1
962,19,335,1
963,59,921,2
963,59,250,4
963,59,567,5
963,59,673,8
964,62,514,2
965,43,252,2
965,43,775,3
965,43,843,8
965,43,495,2
965,43,356,5
965,43,476,2
966,16,553,3
966,16,754,6
966,16,731,8
967,18,967,8
967,18,341,10
967,18,900,8
967,18,984,1
967,18,881,9
967,18,243,6
967,18,685,6
967,18,603,6
968,57,453,10
968,57,459,1
968,57,280,4
968,57,391,2
968,57,377,6
969,52,537,6
969,52,935,7
969,52,218,7
969,52,372,4
969,52,450,6
969,52,67,2
969,52,809,6
969,52,324,6
969,52,531,3
970,8,891,9
970,8,89,10
971,11,445,6
971,11,705,6
971,11,358,8
971,11,624,8
971,11,943,4
971,11,217,7
971,11,940,6
971,11,754,9
972,33,965,3
973,60,733,1
973,60,152,7
974,78,643,8
974,78,414,3
974,78,835,7
975,93,272,1
975,93,787,9
975,93,145,9
975,93,37,3
975,93,628,5
975,93,779,2
975,93,50,7
975,93,266,4
975,93,93,8
976,79,914,6
976,79,133,1
976,79,28,5
976,79,996,5
976,79,148,4
976,79,487,8
976,79,568,3
976,79,769,6
976,79,162,10
976,79,755,2
977,8,149,7
977,8,756,1
978,20,203,9
978,20,716,3
978,20,960,2
978,20,66,6
978,20,129,8
979,35,552,9
979,35,856,1
979,35,290,3
979,35,494,9
979,35,806,10
979,35,319,5
979,35,389,4
979,35,444,7
979,35,236,8
980,86,963,4
980,86,23,5
980,86,194,6
980,86,817,5
980,86,980,9
980,86,21,2
981,29,142,3
981,29,226,7
981,29,116,7
981,29,13,2
981,29,328,2
981,29,788,8
982,1,672,1
982,1,863,3
982,1,974,4
983,48,203,3
984,75,502,3
985,43,396,3
985,43,450,3
985,43,257,7
986,80,316,4
987,100,125,7
987,100,733,6
987,100,949,10
988,2,630,4
988,2,884,9
988,2,434,5
989,81,92,4
989,81,971,9
989,81,365,10
990,6,994,1
990,6,956,10
990,6,708,6
990,6,757,4
990,6,378,1
990,6,144,7
990,6,462,2
990,6,303,7
990,6,84,7
990,6,222,10
991,34,643,6
991,34,241,9
991,34,545,2
991,34,575,9
991,34,248,9
991,34,749,7
991,34,426,3
991,34,609,10
991,34,830,5
992,28,295,9
992,28,755,8
993,77,90,1
993,77,378,9
993,77,484,6
993,77,602,2
993,77,923,3
993,77,639,7
994,38,422,2
994,38,440,6
994,38,427,10
994,38,81,3
995,59,872,9
995,59,519,7
995,59,753,3
996,100,203,7
996,100,119,8
996,100,353,5
996,100,810,10
997,5,480,1
997,5,329,6
997,5,409,5
997,5,754,2
997,5,556,7
997,5,755,6
997,5,87,5
998,30,180,10
998,30,984,3
999,62,476,2
999,62,947,5
999,62,42,9
1000,99,139,4
1000,99,767,3
1000,99,756,6
1000,99,782,9
1000,99,222,8
1000,99,653,5
1000,99,262,9
1000,99,259,7
1000,99,404,9